[08Nov2025 21:18:34.011] [main/INFO] [cpw.mods.modlauncher.Launcher/MODLAUNCHER]: ModLauncher running: args [--launchTarget, forgeserver, --fml.forgeVersion, 47.3.7, --fml.mcVersion, 1.20.1, --fml.forgeGroup, net.minecraftforge, --fml.mcpVersion, 20230612.114412, nogui]
[08Nov2025 21:18:34.015] [main/INFO] [cpw.mods.modlauncher.Launcher/MODLAUNCHER]: ModLauncher 10.0.9+10.0.9+main.dcd20f30 starting: java version 17.0.16 by Ubuntu; OS Linux arch amd64 version 6.8.0-1030-azure
[08Nov2025 21:18:34.067] [main/DEBUG] [cpw.mods.modlauncher.LaunchServiceHandler/MODLAUNCHER]: Found launch services [fmlclientdev,forgeclient,minecraft,forgegametestserverdev,fmlserveruserdev,fmlclient,fmldatauserdev,forgeserverdev,forgeserveruserdev,forgeclientdev,forgeclientuserdev,forgeserver,forgedatadev,fmlserver,fmlclientuserdev,fmlserverdev,forgedatauserdev,testharness,forgegametestserveruserdev]
[08Nov2025 21:18:34.096] [main/DEBUG] [cpw.mods.modlauncher.NameMappingServiceHandler/MODLAUNCHER]: Found naming services : [srgtomcp]
[08Nov2025 21:18:34.680] [main/DEBUG] [cpw.mods.modlauncher.LaunchPluginHandler/MODLAUNCHER]: Found launch plugins: [mixin,eventbus,slf4jfixer,object_holder_definalize,runtime_enum_extender,capability_token_subclass,accesstransformer,runtimedistcleaner]
[08Nov2025 21:18:34.746] [main/DEBUG] [cpw.mods.modlauncher.TransformationServicesHandler/MODLAUNCHER]: Discovering transformation services
[08Nov2025 21:18:34.760] [main/DEBUG] [net.minecraftforge.fml.loading.FMLPaths/CORE]: Path GAMEDIR is /workspaces/team30/servidor_minecraft
[08Nov2025 21:18:34.763] [main/DEBUG] [net.minecraftforge.fml.loading.FMLPaths/CORE]: Path MODSDIR is /workspaces/team30/servidor_minecraft/mods
[08Nov2025 21:18:34.763] [main/DEBUG] [net.minecraftforge.fml.loading.FMLPaths/CORE]: Path CONFIGDIR is /workspaces/team30/servidor_minecraft/config
[08Nov2025 21:18:34.763] [main/DEBUG] [net.minecraftforge.fml.loading.FMLPaths/CORE]: Path FMLCONFIG is /workspaces/team30/servidor_minecraft/config/fml.toml
[08Nov2025 21:18:35.083] [main/DEBUG] [cpw.mods.modlauncher.TransformationServicesHandler/MODLAUNCHER]: Found additional transformation services from discovery services: 
[08Nov2025 21:18:35.093] [main/INFO] [net.minecraftforge.fml.loading.ImmediateWindowHandler/]: ImmediateWindowProvider not loading because launch target is forgeserver
[08Nov2025 21:18:35.104] [main/DEBUG] [cpw.mods.modlauncher.TransformationServicesHandler/MODLAUNCHER]: Found transformer services : [mixin,fml]
[08Nov2025 21:18:35.105] [main/DEBUG] [cpw.mods.modlauncher.TransformationServicesHandler/MODLAUNCHER]: Transformation services loading
[08Nov2025 21:18:35.105] [main/DEBUG] [cpw.mods.modlauncher.TransformationServiceDecorator/MODLAUNCHER]: Loading service mixin
[08Nov2025 21:18:35.105] [main/DEBUG] [cpw.mods.modlauncher.TransformationServiceDecorator/MODLAUNCHER]: Loaded service mixin
[08Nov2025 21:18:35.106] [main/DEBUG] [cpw.mods.modlauncher.TransformationServiceDecorator/MODLAUNCHER]: Loading service fml
[08Nov2025 21:18:35.108] [main/DEBUG] [net.minecraftforge.fml.loading.LauncherVersion/CORE]: Found FMLLauncher version 1.0
[08Nov2025 21:18:35.109] [main/DEBUG] [net.minecraftforge.fml.loading.FMLLoader/CORE]: FML 1.0 loading
[08Nov2025 21:18:35.109] [main/DEBUG] [net.minecraftforge.fml.loading.FMLLoader/CORE]: FML found ModLauncher version : 10.0.9+10.0.9+main.dcd20f30
[08Nov2025 21:18:35.109] [main/DEBUG] [net.minecraftforge.fml.loading.FMLLoader/CORE]: FML found AccessTransformer version : 8.0.4+66+master.c09db6d7
[08Nov2025 21:18:35.109] [main/DEBUG] [net.minecraftforge.fml.loading.FMLLoader/CORE]: FML found EventBus version : 6.0.5+6.0.5+master.eb8e549b
[08Nov2025 21:18:35.112] [main/DEBUG] [net.minecraftforge.fml.loading.FMLLoader/CORE]: Found Runtime Dist Cleaner
[08Nov2025 21:18:35.114] [main/DEBUG] [net.minecraftforge.fml.loading.FMLLoader/CORE]: FML found CoreMod version : 5.1.6
[08Nov2025 21:18:35.114] [main/DEBUG] [net.minecraftforge.fml.loading.FMLLoader/CORE]: Found ForgeSPI package implementation version 7.0.1+7.0.1+master.d2b38bf6
[08Nov2025 21:18:35.115] [main/DEBUG] [net.minecraftforge.fml.loading.FMLLoader/CORE]: Found ForgeSPI package specification 5
[08Nov2025 21:18:35.115] [main/DEBUG] [cpw.mods.modlauncher.TransformationServiceDecorator/MODLAUNCHER]: Loaded service fml
[08Nov2025 21:18:35.116] [main/DEBUG] [cpw.mods.modlauncher.TransformationServicesHandler/MODLAUNCHER]: Configuring option handling for services
[08Nov2025 21:18:35.126] [main/DEBUG] [cpw.mods.modlauncher.TransformationServicesHandler/MODLAUNCHER]: Transformation services initializing
[08Nov2025 21:18:35.127] [main/DEBUG] [cpw.mods.modlauncher.TransformationServiceDecorator/MODLAUNCHER]: Initializing transformation service mixin
[08Nov2025 21:18:35.146] [main/DEBUG] [mixin/]: MixinService [ModLauncher] was successfully booted in cpw.mods.cl.ModuleClassLoader@7a3d45bd
[08Nov2025 21:18:35.171] [main/INFO] [mixin/]: SpongePowered MIXIN Subsystem Version=0.8.5 Source=union:/workspaces/team30/servidor_minecraft/libraries/org/spongepowered/mixin/0.8.5/mixin-0.8.5.jar%2365!/ Service=ModLauncher Env=SERVER
[08Nov2025 21:18:35.177] [main/DEBUG] [mixin/]: Initialising Mixin Platform Manager
[08Nov2025 21:18:35.177] [main/DEBUG] [mixin/]: Adding mixin platform agents for container ModLauncher Root Container(ModLauncher:4f56a0a2)
[08Nov2025 21:18:35.178] [main/DEBUG] [mixin/]: Instancing new MixinPlatformAgentMinecraftForge for ModLauncher Root Container(ModLauncher:4f56a0a2)
[08Nov2025 21:18:35.178] [main/DEBUG] [mixin/]: MixinPlatformAgentMinecraftForge rejected container ModLauncher Root Container(ModLauncher:4f56a0a2)
[08Nov2025 21:18:35.181] [main/DEBUG] [mixin/]: Instancing new MixinPlatformAgentDefault for ModLauncher Root Container(ModLauncher:4f56a0a2)
[08Nov2025 21:18:35.181] [main/DEBUG] [mixin/]: MixinPlatformAgentDefault accepted container ModLauncher Root Container(ModLauncher:4f56a0a2)
[08Nov2025 21:18:35.186] [main/DEBUG] [cpw.mods.modlauncher.TransformationServiceDecorator/MODLAUNCHER]: Initialized transformation service mixin
[08Nov2025 21:18:35.188] [main/DEBUG] [cpw.mods.modlauncher.TransformationServiceDecorator/MODLAUNCHER]: Initializing transformation service fml
[08Nov2025 21:18:35.188] [main/DEBUG] [net.minecraftforge.fml.loading.FMLServiceProvider/CORE]: Setting up basic FML game directories
[08Nov2025 21:18:35.189] [main/DEBUG] [net.minecraftforge.fml.loading.FMLPaths/CORE]: Path GAMEDIR is /workspaces/team30/servidor_minecraft
[08Nov2025 21:18:35.189] [main/DEBUG] [net.minecraftforge.fml.loading.FMLPaths/CORE]: Path MODSDIR is /workspaces/team30/servidor_minecraft/mods
[08Nov2025 21:18:35.189] [main/DEBUG] [net.minecraftforge.fml.loading.FMLPaths/CORE]: Path CONFIGDIR is /workspaces/team30/servidor_minecraft/config
[08Nov2025 21:18:35.189] [main/DEBUG] [net.minecraftforge.fml.loading.FMLPaths/CORE]: Path FMLCONFIG is /workspaces/team30/servidor_minecraft/config/fml.toml
[08Nov2025 21:18:35.189] [main/DEBUG] [net.minecraftforge.fml.loading.FMLServiceProvider/CORE]: Loading configuration
[08Nov2025 21:18:35.194] [main/DEBUG] [net.minecraftforge.fml.loading.FMLServiceProvider/CORE]: Preparing ModFile
[08Nov2025 21:18:35.198] [main/DEBUG] [net.minecraftforge.fml.loading.FMLServiceProvider/CORE]: Preparing launch handler
[08Nov2025 21:18:35.198] [main/DEBUG] [net.minecraftforge.fml.loading.FMLLoader/CORE]: Using forgeserver as launch service
[08Nov2025 21:18:35.219] [main/DEBUG] [net.minecraftforge.fml.loading.FMLLoader/CORE]: Received command line version data  : VersionInfo[forgeVersion=47.3.7, mcVersion=1.20.1, mcpVersion=20230612.114412, forgeGroup=net.minecraftforge]
[08Nov2025 21:18:35.222] [main/DEBUG] [cpw.mods.modlauncher.TransformationServiceDecorator/MODLAUNCHER]: Initialized transformation service fml
[08Nov2025 21:18:35.223] [main/DEBUG] [cpw.mods.modlauncher.NameMappingServiceHandler/MODLAUNCHER]: Current naming domain is 'srg'
[08Nov2025 21:18:35.224] [main/DEBUG] [cpw.mods.modlauncher.NameMappingServiceHandler/MODLAUNCHER]: Identified name mapping providers {}
[08Nov2025 21:18:35.224] [main/DEBUG] [cpw.mods.modlauncher.TransformationServicesHandler/MODLAUNCHER]: Transformation services begin scanning
[08Nov2025 21:18:35.225] [main/DEBUG] [cpw.mods.modlauncher.TransformationServiceDecorator/MODLAUNCHER]: Beginning scan trigger - transformation service mixin
[08Nov2025 21:18:35.226] [main/DEBUG] [cpw.mods.modlauncher.TransformationServiceDecorator/MODLAUNCHER]: End scan trigger - transformation service mixin
[08Nov2025 21:18:35.226] [main/DEBUG] [cpw.mods.modlauncher.TransformationServiceDecorator/MODLAUNCHER]: Beginning scan trigger - transformation service fml
[08Nov2025 21:18:35.226] [main/DEBUG] [net.minecraftforge.fml.loading.FMLServiceProvider/CORE]: Initiating mod scan
[08Nov2025 21:18:35.239] [main/DEBUG] [net.minecraftforge.fml.loading.moddiscovery.ModListHandler/CORE]: Found mod coordinates from lists: []
[08Nov2025 21:18:35.246] [main/DEBUG] [net.minecraftforge.fml.loading.moddiscovery.ModDiscoverer/CORE]: Found Mod Locators : (mods folder:null),(maven libs:null),(exploded directory:null),(minecraft:null),(userdev classpath:null)
[08Nov2025 21:18:35.248] [main/DEBUG] [net.minecraftforge.fml.loading.moddiscovery.ModDiscoverer/CORE]: Found Dependency Locators : (JarInJar:null)
[08Nov2025 21:18:35.259] [main/DEBUG] [net.minecraftforge.fml.loading.moddiscovery.ModFileParser/LOADING]: Considering mod file candidate /workspaces/team30/servidor_minecraft/mods/AlienEvo-1.1.1-forge.jar
[08Nov2025 21:18:35.315] [main/DEBUG] [net.minecraftforge.fml.loading.moddiscovery.ModFileInfo/LOADING]: Found valid mod file AlienEvo-1.1.1-forge.jar with {alienevo} mods - versions {1.1.1}
[08Nov2025 21:18:35.318] [main/DEBUG] [net.minecraftforge.fml.loading.moddiscovery.ModFileParser/LOADING]: Considering mod file candidate /workspaces/team30/servidor_minecraft/mods/architectury-9.2.14-forge.jar
[08Nov2025 21:18:35.327] [main/DEBUG] [net.minecraftforge.fml.loading.moddiscovery.ModFileInfo/LOADING]: Found valid mod file architectury-9.2.14-forge.jar with {architectury} mods - versions {9.2.14}
[08Nov2025 21:18:35.328] [main/DEBUG] [net.minecraftforge.fml.loading.moddiscovery.ModFileParser/LOADING]: Considering mod file candidate /workspaces/team30/servidor_minecraft/mods/geckolib-forge-1.20.1-4.8.2.jar
[08Nov2025 21:18:35.329] [main/DEBUG] [net.minecraftforge.fml.loading.moddiscovery.ModFileInfo/LOADING]: Found valid mod file geckolib-forge-1.20.1-4.8.2.jar with {geckolib} mods - versions {4.8.2}
[08Nov2025 21:18:35.331] [main/DEBUG] [net.minecraftforge.fml.loading.moddiscovery.ModFileParser/LOADING]: Considering mod file candidate /workspaces/team30/servidor_minecraft/mods/kubejs-forge-2001.6.5-build.16.jar
[08Nov2025 21:18:35.335] [main/DEBUG] [net.minecraftforge.fml.loading.moddiscovery.ModFileInfo/LOADING]: Found valid mod file kubejs-forge-2001.6.5-build.16.jar with {kubejs} mods - versions {2001.6.5-build.16}
[08Nov2025 21:18:35.338] [main/DEBUG] [net.minecraftforge.fml.loading.moddiscovery.ModFileParser/LOADING]: Considering mod file candidate /workspaces/team30/servidor_minecraft/mods/palladium-4.2.9+1.20.1-forge.jar
[08Nov2025 21:18:35.339] [main/DEBUG] [net.minecraftforge.fml.loading.moddiscovery.ModFileInfo/LOADING]: Found valid mod file palladium-4.2.9+1.20.1-forge.jar with {palladium} mods - versions {4.2.9}
[08Nov2025 21:18:35.341] [main/DEBUG] [net.minecraftforge.fml.loading.moddiscovery.ModFileParser/LOADING]: Considering mod file candidate /workspaces/team30/servidor_minecraft/mods/Pehkui-3.8.2+1.20.1-forge.jar
[08Nov2025 21:18:35.343] [main/DEBUG] [net.minecraftforge.fml.loading.moddiscovery.ModFileInfo/LOADING]: Found valid mod file Pehkui-3.8.2+1.20.1-forge.jar with {pehkui} mods - versions {3.8.2+1.20.1-forge}
[08Nov2025 21:18:35.355] [main/DEBUG] [net.minecraftforge.fml.loading.moddiscovery.ModFileParser/LOADING]: Considering mod file candidate /workspaces/team30/servidor_minecraft/mods/rhino-forge-2001.2.3-build.10.jar
[08Nov2025 21:18:35.358] [main/DEBUG] [net.minecraftforge.fml.loading.moddiscovery.ModFileInfo/LOADING]: Found valid mod file rhino-forge-2001.2.3-build.10.jar with {rhino} mods - versions {2001.2.3-build.10}
[08Nov2025 21:18:35.505] [main/DEBUG] [net.minecraftforge.fml.loading.moddiscovery.ModFileInfo/LOADING]: Found valid mod file server-1.20.1-20230612.114412-srg.jar with {minecraft} mods - versions {1.20.1}
[08Nov2025 21:18:35.510] [main/DEBUG] [net.minecraftforge.fml.loading.moddiscovery.ModFileParser/LOADING]: Considering mod file candidate /workspaces/team30/servidor_minecraft/libraries/net/minecraftforge/fmlcore/1.20.1-47.3.7/fmlcore-1.20.1-47.3.7.jar
[08Nov2025 21:18:35.511] [main/WARN] [net.minecraftforge.fml.loading.moddiscovery.ModFileParser/LOADING]: Mod file /workspaces/team30/servidor_minecraft/libraries/net/minecraftforge/fmlcore/1.20.1-47.3.7/fmlcore-1.20.1-47.3.7.jar is missing mods.toml file
[08Nov2025 21:18:35.514] [main/DEBUG] [net.minecraftforge.fml.loading.moddiscovery.ModFileParser/LOADING]: Considering mod file candidate /workspaces/team30/servidor_minecraft/libraries/net/minecraftforge/javafmllanguage/1.20.1-47.3.7/javafmllanguage-1.20.1-47.3.7.jar
[08Nov2025 21:18:35.515] [main/WARN] [net.minecraftforge.fml.loading.moddiscovery.ModFileParser/LOADING]: Mod file /workspaces/team30/servidor_minecraft/libraries/net/minecraftforge/javafmllanguage/1.20.1-47.3.7/javafmllanguage-1.20.1-47.3.7.jar is missing mods.toml file
[08Nov2025 21:18:35.519] [main/DEBUG] [net.minecraftforge.fml.loading.moddiscovery.ModFileParser/LOADING]: Considering mod file candidate /workspaces/team30/servidor_minecraft/libraries/net/minecraftforge/lowcodelanguage/1.20.1-47.3.7/lowcodelanguage-1.20.1-47.3.7.jar
[08Nov2025 21:18:35.520] [main/WARN] [net.minecraftforge.fml.loading.moddiscovery.ModFileParser/LOADING]: Mod file /workspaces/team30/servidor_minecraft/libraries/net/minecraftforge/lowcodelanguage/1.20.1-47.3.7/lowcodelanguage-1.20.1-47.3.7.jar is missing mods.toml file
[08Nov2025 21:18:35.522] [main/DEBUG] [net.minecraftforge.fml.loading.moddiscovery.ModFileParser/LOADING]: Considering mod file candidate /workspaces/team30/servidor_minecraft/libraries/net/minecraftforge/mclanguage/1.20.1-47.3.7/mclanguage-1.20.1-47.3.7.jar
[08Nov2025 21:18:35.522] [main/WARN] [net.minecraftforge.fml.loading.moddiscovery.ModFileParser/LOADING]: Mod file /workspaces/team30/servidor_minecraft/libraries/net/minecraftforge/mclanguage/1.20.1-47.3.7/mclanguage-1.20.1-47.3.7.jar is missing mods.toml file
[08Nov2025 21:18:35.597] [main/DEBUG] [net.minecraftforge.fml.loading.moddiscovery.ModFileParser/LOADING]: Considering mod file candidate /workspaces/team30/servidor_minecraft/libraries/net/minecraftforge/forge/1.20.1-47.3.7/forge-1.20.1-47.3.7-universal.jar
[08Nov2025 21:18:35.599] [main/DEBUG] [net.minecraftforge.fml.loading.moddiscovery.ModFileInfo/LOADING]: Found valid mod file forge-1.20.1-47.3.7-universal.jar with {forge} mods - versions {47.3.7}
[08Nov2025 21:18:35.613] [main/DEBUG] [net.minecraftforge.fml.loading.moddiscovery.AbstractJarFileDependencyLocator/]: Failed to load resource META-INF/jarjar/metadata.json from server-1.20.1-20230612.114412-srg.jar, it does not contain dependency information.
[08Nov2025 21:18:35.615] [main/DEBUG] [net.minecraftforge.fml.loading.moddiscovery.AbstractJarFileDependencyLocator/]: Failed to load resource META-INF/jarjar/metadata.json from rhino-forge-2001.2.3-build.10.jar, it does not contain dependency information.
[08Nov2025 21:18:35.615] [main/DEBUG] [net.minecraftforge.fml.loading.moddiscovery.AbstractJarFileDependencyLocator/]: Failed to load resource META-INF/jarjar/metadata.json from forge-1.20.1-47.3.7-universal.jar, it does not contain dependency information.
[08Nov2025 21:18:35.615] [main/DEBUG] [net.minecraftforge.fml.loading.moddiscovery.AbstractJarFileDependencyLocator/]: Failed to load resource META-INF/jarjar/metadata.json from architectury-9.2.14-forge.jar, it does not contain dependency information.
[08Nov2025 21:18:35.616] [main/DEBUG] [net.minecraftforge.fml.loading.moddiscovery.AbstractJarFileDependencyLocator/]: Failed to load resource META-INF/jarjar/metadata.json from mclanguage-1.20.1-47.3.7.jar, it does not contain dependency information.
[08Nov2025 21:18:35.616] [main/DEBUG] [net.minecraftforge.fml.loading.moddiscovery.AbstractJarFileDependencyLocator/]: Failed to load resource META-INF/jarjar/metadata.json from javafmllanguage-1.20.1-47.3.7.jar, it does not contain dependency information.
[08Nov2025 21:18:35.616] [main/DEBUG] [net.minecraftforge.fml.loading.moddiscovery.AbstractJarFileDependencyLocator/]: Failed to load resource META-INF/jarjar/metadata.json from fmlcore-1.20.1-47.3.7.jar, it does not contain dependency information.
[08Nov2025 21:18:35.617] [main/DEBUG] [net.minecraftforge.fml.loading.moddiscovery.AbstractJarFileDependencyLocator/]: Failed to load resource META-INF/jarjar/metadata.json from lowcodelanguage-1.20.1-47.3.7.jar, it does not contain dependency information.
[08Nov2025 21:18:35.754] [main/DEBUG] [net.minecraftforge.fml.loading.moddiscovery.ModFileParser/LOADING]: Considering mod file candidate 
[08Nov2025 21:18:35.757] [main/DEBUG] [net.minecraftforge.fml.loading.moddiscovery.ModFileInfo/LOADING]: Found valid mod file mixinextras-forge-0.3.6.jar with {mixinextras} mods - versions {0.3.6}
[08Nov2025 21:18:35.762] [main/DEBUG] [net.minecraftforge.fml.loading.moddiscovery.ModFileParser/LOADING]: Considering mod file candidate 
[08Nov2025 21:18:35.763] [main/DEBUG] [net.minecraftforge.fml.loading.moddiscovery.ModFileInfo/LOADING]: Found valid mod file mixinextras-forge-0.2.0-rc.2.jar with {mixinextras} mods - versions {0.2.0-rc.2}
[08Nov2025 21:18:35.794] [main/DEBUG] [net.minecraftforge.fml.loading.moddiscovery.ModFileParser/LOADING]: Considering mod file candidate 
[08Nov2025 21:18:35.798] [main/DEBUG] [net.minecraftforge.fml.loading.moddiscovery.ModFileInfo/LOADING]: Found valid mod file palladiumcore-forge-1.0.1+1.20.1-forge.jar with {palladiumcore} mods - versions {1.0.1}
[08Nov2025 21:18:35.802] [main/DEBUG] [net.minecraftforge.fml.loading.moddiscovery.ModFileParser/LOADING]: Considering mod file candidate 
[08Nov2025 21:18:35.803] [main/DEBUG] [net.minecraftforge.fml.loading.moddiscovery.ModFileInfo/LOADING]: Found valid mod file mixinextras-forge-0.2.0.jar with {mixinextras} mods - versions {0.2.0}
[08Nov2025 21:18:35.816] [main/DEBUG] [net.minecraftforge.fml.loading.moddiscovery.ModFileParser/LOADING]: Considering mod file candidate 
[08Nov2025 21:18:35.817] [main/DEBUG] [net.minecraftforge.fml.loading.moddiscovery.ModFileInfo/LOADING]: Found valid mod file player-animation-lib-forge-1.0.2-rc1+1.20.jar with {playeranimator} mods - versions {1.0.2-rc1+1.20}
[08Nov2025 21:18:35.835] [main/DEBUG] [net.minecraftforge.fml.loading.moddiscovery.AbstractJarFileDependencyLocator/]: Failed to load resource META-INF/jarjar/metadata.json from mclib-20.jar, it does not contain dependency information.
[08Nov2025 21:18:35.854] [main/DEBUG] [net.minecraftforge.fml.loading.moddiscovery.AbstractJarFileDependencyLocator/]: Failed to load resource META-INF/jarjar/metadata.json from palladiumcore-forge-1.0.1+1.20.1-forge.jar, it does not contain dependency information.
[08Nov2025 21:18:35.859] [main/DEBUG] [net.minecraftforge.fml.loading.moddiscovery.AbstractJarFileDependencyLocator/]: Failed to load resource META-INF/jarjar/metadata.json from player-animation-lib-forge-1.0.2-rc1+1.20.jar, it does not contain dependency information.
[08Nov2025 21:18:35.859] [main/DEBUG] [net.minecraftforge.fml.loading.moddiscovery.AbstractJarFileDependencyLocator/]: Failed to load resource META-INF/jarjar/metadata.json from MixinExtras-0.3.6.jar, it does not contain dependency information.
[08Nov2025 21:18:35.860] [main/DEBUG] [net.minecraftforge.fml.loading.moddiscovery.AbstractJarFileDependencyLocator/]: Failed to load resource META-INF/jarjar/metadata.json from MixinExtras-0.2.0-rc.2.jar, it does not contain dependency information.
[08Nov2025 21:18:35.860] [main/DEBUG] [net.minecraftforge.fml.loading.moddiscovery.AbstractJarFileDependencyLocator/]: Failed to load resource META-INF/jarjar/metadata.json from MixinExtras-0.5.0.jar, it does not contain dependency information.
[08Nov2025 21:18:35.860] [main/DEBUG] [net.minecraftforge.fml.loading.moddiscovery.AbstractJarFileDependencyLocator/]: Failed to load resource META-INF/jarjar/metadata.json from MixinExtras-0.2.0.jar, it does not contain dependency information.
[08Nov2025 21:18:35.901] [main/DEBUG] [net.minecraftforge.fml.loading.moddiscovery.ModFileParser/LOADING]: Considering mod file candidate 
[08Nov2025 21:18:35.903] [main/DEBUG] [net.minecraftforge.fml.loading.moddiscovery.ModFileInfo/LOADING]: Found valid mod file player-animation-lib-forge-1.0.2-rc1+1.20.jar with {playeranimator} mods - versions {1.0.2-rc1+1.20}
[08Nov2025 21:18:35.922] [main/DEBUG] [net.minecraftforge.fml.loading.moddiscovery.ModFileParser/LOADING]: Considering mod file candidate 
[08Nov2025 21:18:35.923] [main/DEBUG] [net.minecraftforge.fml.loading.moddiscovery.ModFileInfo/LOADING]: Found valid mod file palladiumcore-forge-1.0.1+1.20.1-forge.jar with {palladiumcore} mods - versions {1.0.1}
[08Nov2025 21:18:35.925] [main/INFO] [net.minecraftforge.fml.loading.moddiscovery.JarInJarDependencyLocator/]: Found 5 dependencies adding them to mods collection
[08Nov2025 21:18:35.928] [main/DEBUG] [net.minecraftforge.fml.loading.moddiscovery.ModFileInfo/LOADING]: Found valid mod file server-1.20.1-20230612.114412-srg.jar with {minecraft} mods - versions {1.20.1}
[08Nov2025 21:18:35.932] [main/DEBUG] [net.minecraftforge.fml.loading.moddiscovery.ModFile/LOADING]: Loading mod file /workspaces/team30/servidor_minecraft/libraries/net/minecraft/server/1.20.1-20230612.114412/server-1.20.1-20230612.114412-srg.jar with languages [LanguageSpec[languageName=minecraft, acceptedVersions=1]]
[08Nov2025 21:18:35.933] [main/DEBUG] [net.minecraftforge.fml.loading.moddiscovery.ModFileParser/LOADING]: Considering mod file candidate /workspaces/team30/servidor_minecraft/mods/kubejs-forge-2001.6.5-build.16.jar
[08Nov2025 21:18:35.934] [main/DEBUG] [net.minecraftforge.fml.loading.moddiscovery.ModFileInfo/LOADING]: Found valid mod file kubejs-forge-2001.6.5-build.16.jar with {kubejs} mods - versions {2001.6.5-build.16}
[08Nov2025 21:18:35.934] [main/DEBUG] [net.minecraftforge.fml.loading.moddiscovery.ModFile/LOADING]: Loading mod file /workspaces/team30/servidor_minecraft/mods/kubejs-forge-2001.6.5-build.16.jar with languages [LanguageSpec[languageName=javafml, acceptedVersions=[47,)]]
[08Nov2025 21:18:35.934] [main/DEBUG] [net.minecraftforge.fml.loading.moddiscovery.ModFileParser/LOADING]: Considering mod file candidate /workspaces/team30/servidor_minecraft/mods/rhino-forge-2001.2.3-build.10.jar
[08Nov2025 21:18:35.935] [main/DEBUG] [net.minecraftforge.fml.loading.moddiscovery.ModFileInfo/LOADING]: Found valid mod file rhino-forge-2001.2.3-build.10.jar with {rhino} mods - versions {2001.2.3-build.10}
[08Nov2025 21:18:35.935] [main/DEBUG] [net.minecraftforge.fml.loading.moddiscovery.ModFile/LOADING]: Loading mod file /workspaces/team30/servidor_minecraft/mods/rhino-forge-2001.2.3-build.10.jar with languages [LanguageSpec[languageName=javafml, acceptedVersions=[38,)]]
[08Nov2025 21:18:35.936] [main/DEBUG] [net.minecraftforge.fml.loading.moddiscovery.ModFileParser/LOADING]: Considering mod file candidate /workspaces/team30/servidor_minecraft/mods/geckolib-forge-1.20.1-4.8.2.jar
[08Nov2025 21:18:35.936] [main/DEBUG] [net.minecraftforge.fml.loading.moddiscovery.ModFileInfo/LOADING]: Found valid mod file geckolib-forge-1.20.1-4.8.2.jar with {geckolib} mods - versions {4.8.2}
[08Nov2025 21:18:35.937] [main/DEBUG] [net.minecraftforge.fml.loading.moddiscovery.ModFile/LOADING]: Loading mod file /workspaces/team30/servidor_minecraft/mods/geckolib-forge-1.20.1-4.8.2.jar with languages [LanguageSpec[languageName=javafml, acceptedVersions=[47,)]]
[08Nov2025 21:18:35.937] [main/DEBUG] [net.minecraftforge.fml.loading.moddiscovery.ModFileParser/LOADING]: Considering mod file candidate /workspaces/team30/servidor_minecraft/mods/architectury-9.2.14-forge.jar
[08Nov2025 21:18:35.938] [main/DEBUG] [net.minecraftforge.fml.loading.moddiscovery.ModFileInfo/LOADING]: Found valid mod file architectury-9.2.14-forge.jar with {architectury} mods - versions {9.2.14}
[08Nov2025 21:18:35.938] [main/DEBUG] [net.minecraftforge.fml.loading.moddiscovery.ModFile/LOADING]: Loading mod file /workspaces/team30/servidor_minecraft/mods/architectury-9.2.14-forge.jar with languages [LanguageSpec[languageName=javafml, acceptedVersions=[46,)]]
[08Nov2025 21:18:35.938] [main/DEBUG] [net.minecraftforge.fml.loading.moddiscovery.ModFileParser/LOADING]: Considering mod file candidate 
[08Nov2025 21:18:35.939] [main/DEBUG] [net.minecraftforge.fml.loading.moddiscovery.ModFileInfo/LOADING]: Found valid mod file player-animation-lib-forge-1.0.2-rc1+1.20.jar with {playeranimator} mods - versions {1.0.2-rc1+1.20}
[08Nov2025 21:18:35.939] [main/DEBUG] [net.minecraftforge.fml.loading.moddiscovery.ModFile/LOADING]: Loading mod file  with languages [LanguageSpec[languageName=javafml, acceptedVersions=[46.0.0,)]]
[08Nov2025 21:18:35.940] [main/DEBUG] [net.minecraftforge.fml.loading.moddiscovery.ModFileParser/LOADING]: Considering mod file candidate 
[08Nov2025 21:18:35.940] [main/DEBUG] [net.minecraftforge.fml.loading.moddiscovery.ModFileInfo/LOADING]: Found valid mod file palladiumcore-forge-1.0.1+1.20.1-forge.jar with {palladiumcore} mods - versions {1.0.1}
[08Nov2025 21:18:35.941] [main/DEBUG] [net.minecraftforge.fml.loading.moddiscovery.ModFile/LOADING]: Loading mod file  with languages [LanguageSpec[languageName=javafml, acceptedVersions=[46,)]]
[08Nov2025 21:18:35.941] [main/DEBUG] [net.minecraftforge.fml.loading.moddiscovery.ModFileParser/LOADING]: Considering mod file candidate /workspaces/team30/servidor_minecraft/mods/Pehkui-3.8.2+1.20.1-forge.jar
[08Nov2025 21:18:35.942] [main/DEBUG] [net.minecraftforge.fml.loading.moddiscovery.ModFileInfo/LOADING]: Found valid mod file Pehkui-3.8.2+1.20.1-forge.jar with {pehkui} mods - versions {3.8.2+1.20.1-forge}
[08Nov2025 21:18:35.942] [main/DEBUG] [net.minecraftforge.fml.loading.moddiscovery.ModFile/LOADING]: Loading mod file /workspaces/team30/servidor_minecraft/mods/Pehkui-3.8.2+1.20.1-forge.jar with languages [LanguageSpec[languageName=javafml, acceptedVersions=[28,)]]
[08Nov2025 21:18:35.942] [main/DEBUG] [net.minecraftforge.fml.loading.moddiscovery.ModFileParser/LOADING]: Considering mod file candidate /workspaces/team30/servidor_minecraft/mods/AlienEvo-1.1.1-forge.jar
[08Nov2025 21:18:35.943] [main/DEBUG] [net.minecraftforge.fml.loading.moddiscovery.ModFileInfo/LOADING]: Found valid mod file AlienEvo-1.1.1-forge.jar with {alienevo} mods - versions {1.1.1}
[08Nov2025 21:18:35.944] [main/DEBUG] [net.minecraftforge.fml.loading.moddiscovery.ModFile/LOADING]: Loading mod file /workspaces/team30/servidor_minecraft/mods/AlienEvo-1.1.1-forge.jar with languages [LanguageSpec[languageName=javafml, acceptedVersions=[43,)]]
[08Nov2025 21:18:35.944] [main/DEBUG] [net.minecraftforge.fml.loading.moddiscovery.ModFileParser/LOADING]: Considering mod file candidate /workspaces/team30/servidor_minecraft/libraries/net/minecraftforge/forge/1.20.1-47.3.7/forge-1.20.1-47.3.7-universal.jar
[08Nov2025 21:18:35.944] [main/DEBUG] [net.minecraftforge.fml.loading.moddiscovery.ModFileInfo/LOADING]: Found valid mod file forge-1.20.1-47.3.7-universal.jar with {forge} mods - versions {47.3.7}
[08Nov2025 21:18:35.944] [main/DEBUG] [net.minecraftforge.fml.loading.moddiscovery.ModFile/LOADING]: Loading mod file /workspaces/team30/servidor_minecraft/libraries/net/minecraftforge/forge/1.20.1-47.3.7/forge-1.20.1-47.3.7-universal.jar with languages [LanguageSpec[languageName=javafml, acceptedVersions=[24,]]]
[08Nov2025 21:18:35.947] [main/DEBUG] [net.minecraftforge.fml.loading.moddiscovery.ModFileParser/LOADING]: Found coremod field_to_method with Javascript path coremods/field_to_method.js
[08Nov2025 21:18:35.947] [main/DEBUG] [net.minecraftforge.fml.loading.moddiscovery.ModFileParser/LOADING]: Found coremod field_to_instanceof with Javascript path coremods/field_to_instanceof.js
[08Nov2025 21:18:35.947] [main/DEBUG] [net.minecraftforge.fml.loading.moddiscovery.ModFileParser/LOADING]: Found coremod add_bouncer_method with Javascript path coremods/add_bouncer_method.js
[08Nov2025 21:18:35.947] [main/DEBUG] [net.minecraftforge.fml.loading.moddiscovery.ModFileParser/LOADING]: Found coremod method_redirector with Javascript path coremods/method_redirector.js
[08Nov2025 21:18:35.948] [main/DEBUG] [net.minecraftforge.fml.loading.moddiscovery.ModFile/LOADING]: Found coremod coremods/field_to_method.js
[08Nov2025 21:18:35.948] [main/DEBUG] [net.minecraftforge.fml.loading.moddiscovery.ModFile/LOADING]: Found coremod coremods/field_to_instanceof.js
[08Nov2025 21:18:35.948] [main/DEBUG] [net.minecraftforge.fml.loading.moddiscovery.ModFile/LOADING]: Found coremod coremods/add_bouncer_method.js
[08Nov2025 21:18:35.948] [main/DEBUG] [net.minecraftforge.fml.loading.moddiscovery.ModFile/LOADING]: Found coremod coremods/method_redirector.js
[08Nov2025 21:18:35.948] [main/DEBUG] [net.minecraftforge.fml.loading.moddiscovery.ModFileParser/LOADING]: Considering mod file candidate /workspaces/team30/servidor_minecraft/mods/palladium-4.2.9+1.20.1-forge.jar
[08Nov2025 21:18:35.949] [main/DEBUG] [net.minecraftforge.fml.loading.moddiscovery.ModFileInfo/LOADING]: Found valid mod file palladium-4.2.9+1.20.1-forge.jar with {palladium} mods - versions {4.2.9}
[08Nov2025 21:18:35.950] [main/DEBUG] [net.minecraftforge.fml.loading.moddiscovery.ModFile/LOADING]: Loading mod file /workspaces/team30/servidor_minecraft/mods/palladium-4.2.9+1.20.1-forge.jar with languages [LanguageSpec[languageName=javafml, acceptedVersions=[47,)]]
[08Nov2025 21:18:35.950] [main/DEBUG] [net.minecraftforge.fml.loading.moddiscovery.ModFile/LOADING]: Loading mod file  with languages []
[08Nov2025 21:18:35.950] [main/DEBUG] [net.minecraftforge.fml.loading.moddiscovery.ModFile/LOADING]: Loading mod file  with languages []
[08Nov2025 21:18:35.950] [main/DEBUG] [net.minecraftforge.fml.loading.moddiscovery.ModFile/LOADING]: Loading mod file  with languages []
[08Nov2025 21:18:35.951] [main/DEBUG] [net.minecraftforge.fml.loading.moddiscovery.ModFile/LOADING]: Loading mod file  with languages []
[08Nov2025 21:18:35.951] [main/DEBUG] [net.minecraftforge.fml.loading.moddiscovery.ModFile/LOADING]: Loading mod file  with languages []
[08Nov2025 21:18:35.951] [main/DEBUG] [net.minecraftforge.fml.loading.moddiscovery.ModFile/LOADING]: Loading mod file  with languages []
[08Nov2025 21:18:35.952] [main/DEBUG] [cpw.mods.modlauncher.TransformationServiceDecorator/MODLAUNCHER]: End scan trigger - transformation service fml
[08Nov2025 21:18:35.969] [main/DEBUG] [net.minecraftforge.fml.loading.LanguageLoadingProvider/CORE]: Found 3 language providers
[08Nov2025 21:18:35.970] [main/DEBUG] [net.minecraftforge.fml.loading.LanguageLoadingProvider/CORE]: Found language provider minecraft, version 1.0
[08Nov2025 21:18:35.970] [main/DEBUG] [net.minecraftforge.fml.loading.LanguageLoadingProvider/CORE]: Found language provider lowcodefml, version 47
[08Nov2025 21:18:35.971] [main/DEBUG] [net.minecraftforge.fml.loading.LanguageLoadingProvider/CORE]: Found language provider javafml, version 47
[08Nov2025 21:18:35.975] [main/DEBUG] [net.minecraftforge.fml.loading.UniqueModListBuilder/]: Found 2 mods for first modid mclib, selecting most recent based on version data
[08Nov2025 21:18:35.975] [main/DEBUG] [net.minecraftforge.fml.loading.UniqueModListBuilder/]: Selected file mclib-20.jar for modid mclib with version 0.0NONE
[08Nov2025 21:18:35.976] [main/DEBUG] [net.minecraftforge.fml.loading.UniqueModListBuilder/]: Found 2 mods for first modid mixinextras, selecting most recent based on version data
[08Nov2025 21:18:35.976] [main/DEBUG] [net.minecraftforge.fml.loading.UniqueModListBuilder/]: Selected file mixinextras-forge-0.5.0.jar for modid mixinextras with version 0.5.0
[08Nov2025 21:18:35.976] [main/DEBUG] [net.minecraftforge.fml.loading.UniqueModListBuilder/]: Found 2 mods for first modid MixinExtras, selecting most recent based on version data
[08Nov2025 21:18:35.976] [main/DEBUG] [net.minecraftforge.fml.loading.UniqueModListBuilder/]: Selected file MixinExtras-0.5.0.jar for modid MixinExtras with version 0.5.0
[08Nov2025 21:18:35.979] [main/DEBUG] [net.minecraftforge.fml.loading.ModSorter/]: Configured system mods: [minecraft, forge]
[08Nov2025 21:18:35.979] [main/DEBUG] [net.minecraftforge.fml.loading.ModSorter/]: Found system mod: minecraft
[08Nov2025 21:18:35.979] [main/DEBUG] [net.minecraftforge.fml.loading.ModSorter/]: Found system mod: forge
[08Nov2025 21:18:35.983] [main/DEBUG] [net.minecraftforge.fml.loading.ModSorter/LOADING]: Found 15 mod requirements (13 mandatory, 2 optional)
[08Nov2025 21:18:35.984] [main/DEBUG] [net.minecraftforge.fml.loading.ModSorter/LOADING]: Found 0 mod requirements missing (0 mandatory, 0 optional)
[08Nov2025 21:18:36.665] [main/DEBUG] [cpw.mods.modlauncher.TransformationServicesHandler/MODLAUNCHER]: Transformation services loading transformers
[08Nov2025 21:18:36.668] [main/DEBUG] [cpw.mods.modlauncher.TransformationServiceDecorator/MODLAUNCHER]: Initializing transformers for transformation service mixin
[08Nov2025 21:18:36.668] [main/DEBUG] [cpw.mods.modlauncher.TransformationServiceDecorator/MODLAUNCHER]: Initialized transformers for transformation service mixin
[08Nov2025 21:18:36.670] [main/DEBUG] [cpw.mods.modlauncher.TransformationServiceDecorator/MODLAUNCHER]: Initializing transformers for transformation service fml
[08Nov2025 21:18:36.670] [main/DEBUG] [net.minecraftforge.fml.loading.FMLServiceProvider/CORE]: Loading coremod transformers
[08Nov2025 21:18:36.671] [main/DEBUG] [net.minecraftforge.coremod.CoreModEngine/COREMOD]: Loading CoreMod from coremods/field_to_method.js
[08Nov2025 21:18:37.009] [main/DEBUG] [net.minecraftforge.coremod.CoreModEngine/COREMOD]: CoreMod loaded successfully
[08Nov2025 21:18:37.009] [main/DEBUG] [net.minecraftforge.coremod.CoreModEngine/COREMOD]: Loading CoreMod from coremods/field_to_instanceof.js
[08Nov2025 21:18:37.116] [main/DEBUG] [net.minecraftforge.coremod.CoreModEngine/COREMOD]: CoreMod loaded successfully
[08Nov2025 21:18:37.118] [main/DEBUG] [net.minecraftforge.coremod.CoreModEngine/COREMOD]: Loading CoreMod from coremods/add_bouncer_method.js
[08Nov2025 21:18:37.193] [main/DEBUG] [net.minecraftforge.coremod.CoreModEngine/COREMOD]: CoreMod loaded successfully
[08Nov2025 21:18:37.193] [main/DEBUG] [net.minecraftforge.coremod.CoreModEngine/COREMOD]: Loading CoreMod from coremods/method_redirector.js
[08Nov2025 21:18:37.325] [main/DEBUG] [net.minecraftforge.coremod.CoreModEngine/COREMOD]: CoreMod loaded successfully
[08Nov2025 21:18:37.339] [main/DEBUG] [cpw.mods.modlauncher.TransformStore/MODLAUNCHER]: Adding transformer net.minecraftforge.coremod.transformer.CoreModClassTransformer@444f44c5 to Target : CLASS {Lnet/minecraft/world/level/biome/Biome;} {} {V}
[08Nov2025 21:18:37.340] [main/DEBUG] [cpw.mods.modlauncher.TransformStore/MODLAUNCHER]: Adding transformer net.minecraftforge.coremod.transformer.CoreModClassTransformer@3ed34ef5 to Target : CLASS {Lnet/minecraft/world/level/levelgen/structure/Structure;} {} {V}
[08Nov2025 21:18:37.341] [main/DEBUG] [cpw.mods.modlauncher.TransformStore/MODLAUNCHER]: Adding transformer net.minecraftforge.coremod.transformer.CoreModClassTransformer@553bc36c to Target : CLASS {Lnet/minecraft/world/effect/MobEffectInstance;} {} {V}
[08Nov2025 21:18:37.341] [main/DEBUG] [cpw.mods.modlauncher.TransformStore/MODLAUNCHER]: Adding transformer net.minecraftforge.coremod.transformer.CoreModClassTransformer@380e1909 to Target : CLASS {Lnet/minecraft/world/level/block/LiquidBlock;} {} {V}
[08Nov2025 21:18:37.342] [main/DEBUG] [cpw.mods.modlauncher.TransformStore/MODLAUNCHER]: Adding transformer net.minecraftforge.coremod.transformer.CoreModClassTransformer@2d5ef498 to Target : CLASS {Lnet/minecraft/world/item/BucketItem;} {} {V}
[08Nov2025 21:18:37.342] [main/DEBUG] [cpw.mods.modlauncher.TransformStore/MODLAUNCHER]: Adding transformer net.minecraftforge.coremod.transformer.CoreModClassTransformer@95eb320 to Target : CLASS {Lnet/minecraft/world/level/block/StairBlock;} {} {V}
[08Nov2025 21:18:37.343] [main/DEBUG] [cpw.mods.modlauncher.TransformStore/MODLAUNCHER]: Adding transformer net.minecraftforge.coremod.transformer.CoreModClassTransformer@2f521c4 to Target : CLASS {Lnet/minecraft/world/level/block/FlowerPotBlock;} {} {V}
[08Nov2025 21:18:37.344] [main/DEBUG] [cpw.mods.modlauncher.TransformStore/MODLAUNCHER]: Adding transformer net.minecraftforge.coremod.transformer.CoreModClassTransformer@4afbb6c2 to Target : CLASS {Lnet/minecraft/world/item/ItemStack;} {} {V}
[08Nov2025 21:18:37.344] [main/DEBUG] [cpw.mods.modlauncher.TransformStore/MODLAUNCHER]: Adding transformer net.minecraftforge.coremod.transformer.CoreModClassTransformer@10db6131 to Target : CLASS {Lnet/minecraft/network/play/client/CClientSettingsPacket;} {} {V}
[08Nov2025 21:18:37.344] [main/DEBUG] [cpw.mods.modlauncher.TransformStore/MODLAUNCHER]: Adding transformer net.minecraftforge.coremod.transformer.CoreModClassTransformer@6c6017b9 to Target : CLASS {Lnet/minecraft/world/level/levelgen/PhantomSpawner;} {} {V}
[08Nov2025 21:18:37.344] [main/DEBUG] [cpw.mods.modlauncher.TransformStore/MODLAUNCHER]: Adding transformer net.minecraftforge.coremod.transformer.CoreModClassTransformer@6c6017b9 to Target : CLASS {Lnet/minecraft/world/level/levelgen/structure/structures/SwampHutPiece;} {} {V}
[08Nov2025 21:18:37.345] [main/DEBUG] [cpw.mods.modlauncher.TransformStore/MODLAUNCHER]: Adding transformer net.minecraftforge.coremod.transformer.CoreModClassTransformer@6c6017b9 to Target : CLASS {Lnet/minecraft/world/entity/npc/Villager;} {} {V}
[08Nov2025 21:18:37.345] [main/DEBUG] [cpw.mods.modlauncher.TransformStore/MODLAUNCHER]: Adding transformer net.minecraftforge.coremod.transformer.CoreModClassTransformer@6c6017b9 to Target : CLASS {Lnet/minecraft/world/entity/monster/Zombie;} {} {V}
[08Nov2025 21:18:37.345] [main/DEBUG] [cpw.mods.modlauncher.TransformStore/MODLAUNCHER]: Adding transformer net.minecraftforge.coremod.transformer.CoreModClassTransformer@6c6017b9 to Target : CLASS {Lnet/minecraft/world/entity/monster/Strider;} {} {V}
[08Nov2025 21:18:37.346] [main/DEBUG] [cpw.mods.modlauncher.TransformStore/MODLAUNCHER]: Adding transformer net.minecraftforge.coremod.transformer.CoreModClassTransformer@6c6017b9 to Target : CLASS {Lnet/minecraft/world/entity/animal/frog/Tadpole;} {} {V}
[08Nov2025 21:18:37.346] [main/DEBUG] [cpw.mods.modlauncher.TransformStore/MODLAUNCHER]: Adding transformer net.minecraftforge.coremod.transformer.CoreModClassTransformer@6c6017b9 to Target : CLASS {Lnet/minecraft/world/entity/monster/Evoker$EvokerSummonSpellGoal;} {} {V}
[08Nov2025 21:18:37.346] [main/DEBUG] [cpw.mods.modlauncher.TransformStore/MODLAUNCHER]: Adding transformer net.minecraftforge.coremod.transformer.CoreModClassTransformer@6c6017b9 to Target : CLASS {Lnet/minecraft/world/level/levelgen/structure/structures/OceanRuinPieces$OceanRuinPiece;} {} {V}
[08Nov2025 21:18:37.347] [main/DEBUG] [cpw.mods.modlauncher.TransformStore/MODLAUNCHER]: Adding transformer net.minecraftforge.coremod.transformer.CoreModClassTransformer@6c6017b9 to Target : CLASS {Lnet/minecraft/world/level/levelgen/structure/structures/OceanMonumentPieces$OceanMonumentPiece;} {} {V}
[08Nov2025 21:18:37.347] [main/DEBUG] [cpw.mods.modlauncher.TransformStore/MODLAUNCHER]: Adding transformer net.minecraftforge.coremod.transformer.CoreModClassTransformer@6c6017b9 to Target : CLASS {Lnet/minecraft/world/entity/raid/Raid;} {} {V}
[08Nov2025 21:18:37.347] [main/DEBUG] [cpw.mods.modlauncher.TransformStore/MODLAUNCHER]: Adding transformer net.minecraftforge.coremod.transformer.CoreModClassTransformer@6c6017b9 to Target : CLASS {Lnet/minecraft/world/entity/ai/village/VillageSiege;} {} {V}
[08Nov2025 21:18:37.349] [main/DEBUG] [cpw.mods.modlauncher.TransformStore/MODLAUNCHER]: Adding transformer net.minecraftforge.coremod.transformer.CoreModClassTransformer@6c6017b9 to Target : CLASS {Lnet/minecraft/server/commands/RaidCommand;} {} {V}
[08Nov2025 21:18:37.349] [main/DEBUG] [cpw.mods.modlauncher.TransformStore/MODLAUNCHER]: Adding transformer net.minecraftforge.coremod.transformer.CoreModClassTransformer@6c6017b9 to Target : CLASS {Lnet/minecraft/world/entity/EntityType;} {} {V}
[08Nov2025 21:18:37.349] [main/DEBUG] [cpw.mods.modlauncher.TransformStore/MODLAUNCHER]: Adding transformer net.minecraftforge.coremod.transformer.CoreModClassTransformer@6c6017b9 to Target : CLASS {Lnet/minecraft/world/entity/monster/ZombieVillager;} {} {V}
[08Nov2025 21:18:37.349] [main/DEBUG] [cpw.mods.modlauncher.TransformStore/MODLAUNCHER]: Adding transformer net.minecraftforge.coremod.transformer.CoreModClassTransformer@6c6017b9 to Target : CLASS {Lnet/minecraft/world/entity/monster/Spider;} {} {V}
[08Nov2025 21:18:37.349] [main/DEBUG] [cpw.mods.modlauncher.TransformStore/MODLAUNCHER]: Adding transformer net.minecraftforge.coremod.transformer.CoreModClassTransformer@6c6017b9 to Target : CLASS {Lnet/minecraft/world/entity/animal/horse/SkeletonTrapGoal;} {} {V}
[08Nov2025 21:18:37.350] [main/DEBUG] [cpw.mods.modlauncher.TransformStore/MODLAUNCHER]: Adding transformer net.minecraftforge.coremod.transformer.CoreModClassTransformer@6c6017b9 to Target : CLASS {Lnet/minecraft/world/entity/npc/CatSpawner;} {} {V}
[08Nov2025 21:18:37.350] [main/DEBUG] [cpw.mods.modlauncher.TransformStore/MODLAUNCHER]: Adding transformer net.minecraftforge.coremod.transformer.CoreModClassTransformer@6c6017b9 to Target : CLASS {Lnet/minecraft/world/level/levelgen/PatrolSpawner;} {} {V}
[08Nov2025 21:18:37.350] [main/DEBUG] [cpw.mods.modlauncher.TransformStore/MODLAUNCHER]: Adding transformer net.minecraftforge.coremod.transformer.CoreModClassTransformer@6c6017b9 to Target : CLASS {Lnet/minecraft/world/level/levelgen/structure/templatesystem/StructureTemplate;} {} {V}
[08Nov2025 21:18:37.350] [main/DEBUG] [cpw.mods.modlauncher.TransformStore/MODLAUNCHER]: Adding transformer net.minecraftforge.coremod.transformer.CoreModClassTransformer@6c6017b9 to Target : CLASS {Lnet/minecraft/server/commands/SummonCommand;} {} {V}
[08Nov2025 21:18:37.350] [main/DEBUG] [cpw.mods.modlauncher.TransformStore/MODLAUNCHER]: Adding transformer net.minecraftforge.coremod.transformer.CoreModClassTransformer@6c6017b9 to Target : CLASS {Lnet/minecraft/world/level/levelgen/structure/structures/WoodlandMansionPieces$WoodlandMansionPiece;} {} {V}
[08Nov2025 21:18:37.350] [main/DEBUG] [cpw.mods.modlauncher.TransformStore/MODLAUNCHER]: Adding transformer net.minecraftforge.coremod.transformer.CoreModClassTransformer@6c6017b9 to Target : CLASS {Lnet/minecraft/world/level/NaturalSpawner;} {} {V}
[08Nov2025 21:18:37.350] [main/DEBUG] [cpw.mods.modlauncher.TransformationServiceDecorator/MODLAUNCHER]: Initialized transformers for transformation service fml
[08Nov2025 21:18:38.299] [main/DEBUG] [mixin/]: Processing prepare() for PlatformAgent[MixinPlatformAgentDefault:ModLauncher Root Container(ModLauncher:4f56a0a2)]
[08Nov2025 21:18:38.301] [main/DEBUG] [mixin/]: Processing launch tasks for PlatformAgent[MixinPlatformAgentDefault:ModLauncher Root Container(ModLauncher:4f56a0a2)]
[08Nov2025 21:18:38.301] [main/DEBUG] [mixin/]: Adding mixin platform agents for container SecureJarResource(minecraft)
[08Nov2025 21:18:38.301] [main/DEBUG] [mixin/]: Instancing new MixinPlatformAgentMinecraftForge for SecureJarResource(minecraft)
[08Nov2025 21:18:38.301] [main/DEBUG] [mixin/]: MixinPlatformAgentMinecraftForge rejected container SecureJarResource(minecraft)
[08Nov2025 21:18:38.301] [main/DEBUG] [mixin/]: Instancing new MixinPlatformAgentDefault for SecureJarResource(minecraft)
[08Nov2025 21:18:38.302] [main/DEBUG] [mixin/]: MixinPlatformAgentDefault accepted container SecureJarResource(minecraft)
[08Nov2025 21:18:38.303] [main/DEBUG] [mixin/]: Processing prepare() for PlatformAgent[MixinPlatformAgentDefault:SecureJarResource(minecraft)]
[08Nov2025 21:18:38.303] [main/DEBUG] [mixin/]: Adding mixin platform agents for container SecureJarResource(rhino)
[08Nov2025 21:18:38.303] [main/DEBUG] [mixin/]: Instancing new MixinPlatformAgentMinecraftForge for SecureJarResource(rhino)
[08Nov2025 21:18:38.303] [main/DEBUG] [mixin/]: MixinPlatformAgentMinecraftForge rejected container SecureJarResource(rhino)
[08Nov2025 21:18:38.303] [main/DEBUG] [mixin/]: Instancing new MixinPlatformAgentDefault for SecureJarResource(rhino)
[08Nov2025 21:18:38.304] [main/DEBUG] [mixin/]: MixinPlatformAgentDefault accepted container SecureJarResource(rhino)
[08Nov2025 21:18:38.304] [main/DEBUG] [mixin/]: Processing prepare() for PlatformAgent[MixinPlatformAgentDefault:SecureJarResource(rhino)]
[08Nov2025 21:18:38.305] [main/DEBUG] [mixin/]: Registering mixin config: rhino-common.mixins.json
[08Nov2025 21:18:38.362] [main/DEBUG] [mixin/]: Compatibility level JAVA_17 specified by rhino-common.mixins.json is higher than the maximum level supported by this version of mixin (JAVA_13).
[08Nov2025 21:18:38.369] [main/INFO] [mixin/]: Compatibility level set to JAVA_17
[08Nov2025 21:18:38.374] [main/DEBUG] [mixin/]: Adding mixin platform agents for container SecureJarResource(geckolib)
[08Nov2025 21:18:38.374] [main/DEBUG] [mixin/]: Instancing new MixinPlatformAgentMinecraftForge for SecureJarResource(geckolib)
[08Nov2025 21:18:38.374] [main/DEBUG] [mixin/]: MixinPlatformAgentMinecraftForge rejected container SecureJarResource(geckolib)
[08Nov2025 21:18:38.374] [main/DEBUG] [mixin/]: Instancing new MixinPlatformAgentDefault for SecureJarResource(geckolib)
[08Nov2025 21:18:38.374] [main/DEBUG] [mixin/]: MixinPlatformAgentDefault accepted container SecureJarResource(geckolib)
[08Nov2025 21:18:38.375] [main/DEBUG] [mixin/]: Processing prepare() for PlatformAgent[MixinPlatformAgentDefault:SecureJarResource(geckolib)]
[08Nov2025 21:18:38.375] [main/DEBUG] [mixin/]: Registering mixin config: geckolib.mixins.json
[08Nov2025 21:18:38.380] [main/DEBUG] [mixin/]: Adding mixin platform agents for container SecureJarResource(architectury)
[08Nov2025 21:18:38.380] [main/DEBUG] [mixin/]: Instancing new MixinPlatformAgentMinecraftForge for SecureJarResource(architectury)
[08Nov2025 21:18:38.381] [main/DEBUG] [mixin/]: MixinPlatformAgentMinecraftForge rejected container SecureJarResource(architectury)
[08Nov2025 21:18:38.381] [main/DEBUG] [mixin/]: Instancing new MixinPlatformAgentDefault for SecureJarResource(architectury)
[08Nov2025 21:18:38.381] [main/DEBUG] [mixin/]: MixinPlatformAgentDefault accepted container SecureJarResource(architectury)
[08Nov2025 21:18:38.384] [main/DEBUG] [mixin/]: Processing prepare() for PlatformAgent[MixinPlatformAgentDefault:SecureJarResource(architectury)]
[08Nov2025 21:18:38.384] [main/DEBUG] [mixin/]: Registering mixin config: architectury.mixins.json
[08Nov2025 21:18:38.389] [main/DEBUG] [mixin/]: Compatibility level JAVA_16 specified by architectury.mixins.json is higher than the maximum level supported by this version of mixin (JAVA_13).
[08Nov2025 21:18:38.390] [main/DEBUG] [mixin/]: Registering mixin config: architectury-common.mixins.json
[08Nov2025 21:18:38.393] [main/DEBUG] [mixin/]: Compatibility level JAVA_16 specified by architectury-common.mixins.json is higher than the maximum level supported by this version of mixin (JAVA_13).
[08Nov2025 21:18:38.395] [main/DEBUG] [mixin/]: Adding mixin platform agents for container SecureJarResource(kubejs)
[08Nov2025 21:18:38.395] [main/DEBUG] [mixin/]: Instancing new MixinPlatformAgentMinecraftForge for SecureJarResource(kubejs)
[08Nov2025 21:18:38.396] [main/DEBUG] [mixin/]: MixinPlatformAgentMinecraftForge rejected container SecureJarResource(kubejs)
[08Nov2025 21:18:38.396] [main/DEBUG] [mixin/]: Instancing new MixinPlatformAgentDefault for SecureJarResource(kubejs)
[08Nov2025 21:18:38.396] [main/DEBUG] [mixin/]: MixinPlatformAgentDefault accepted container SecureJarResource(kubejs)
[08Nov2025 21:18:38.396] [main/DEBUG] [mixin/]: Processing prepare() for PlatformAgent[MixinPlatformAgentDefault:SecureJarResource(kubejs)]
[08Nov2025 21:18:38.397] [main/DEBUG] [mixin/]: Registering mixin config: kubejs-forge.mixins.json
[08Nov2025 21:18:38.400] [main/DEBUG] [mixin/]: Registering mixin config: kubejs-common.mixins.json
[08Nov2025 21:18:38.403] [main/DEBUG] [mixin/]: Adding mixin platform agents for container SecureJarResource(playeranimator)
[08Nov2025 21:18:38.403] [main/DEBUG] [mixin/]: Instancing new MixinPlatformAgentMinecraftForge for SecureJarResource(playeranimator)
[08Nov2025 21:18:38.403] [main/DEBUG] [mixin/]: MixinPlatformAgentMinecraftForge rejected container SecureJarResource(playeranimator)
[08Nov2025 21:18:38.404] [main/DEBUG] [mixin/]: Instancing new MixinPlatformAgentDefault for SecureJarResource(playeranimator)
[08Nov2025 21:18:38.404] [main/DEBUG] [mixin/]: MixinPlatformAgentDefault accepted container SecureJarResource(playeranimator)
[08Nov2025 21:18:38.405] [main/DEBUG] [mixin/]: Processing prepare() for PlatformAgent[MixinPlatformAgentDefault:SecureJarResource(playeranimator)]
[08Nov2025 21:18:38.405] [main/DEBUG] [mixin/]: Registering mixin config: playerAnimator-common.mixins.json
[08Nov2025 21:18:38.406] [main/DEBUG] [mixin/]: Compatibility level JAVA_16 specified by playerAnimator-common.mixins.json is higher than the maximum level supported by this version of mixin (JAVA_13).
[08Nov2025 21:18:38.407] [main/DEBUG] [mixin/]: Adding mixin platform agents for container SecureJarResource(palladiumcore)
[08Nov2025 21:18:38.407] [main/DEBUG] [mixin/]: Instancing new MixinPlatformAgentMinecraftForge for SecureJarResource(palladiumcore)
[08Nov2025 21:18:38.408] [main/DEBUG] [mixin/]: MixinPlatformAgentMinecraftForge rejected container SecureJarResource(palladiumcore)
[08Nov2025 21:18:38.409] [main/DEBUG] [mixin/]: Instancing new MixinPlatformAgentDefault for SecureJarResource(palladiumcore)
[08Nov2025 21:18:38.410] [main/DEBUG] [mixin/]: MixinPlatformAgentDefault accepted container SecureJarResource(palladiumcore)
[08Nov2025 21:18:38.410] [main/DEBUG] [mixin/]: Processing prepare() for PlatformAgent[MixinPlatformAgentDefault:SecureJarResource(palladiumcore)]
[08Nov2025 21:18:38.412] [main/DEBUG] [mixin/]: Registering mixin config: palladiumcore-common.mixins.json
[08Nov2025 21:18:38.413] [main/ERROR] [mixin/]: Mixin config palladiumcore-common.mixins.json does not specify "minVersion" property
[08Nov2025 21:18:38.416] [main/DEBUG] [mixin/]: Registering mixin config: palladiumcore.mixins.json
[08Nov2025 21:18:38.425] [main/ERROR] [mixin/]: Mixin config palladiumcore.mixins.json does not specify "minVersion" property
[08Nov2025 21:18:38.427] [main/DEBUG] [mixin/]: Adding mixin platform agents for container SecureJarResource(pehkui)
[08Nov2025 21:18:38.428] [main/DEBUG] [mixin/]: Instancing new MixinPlatformAgentMinecraftForge for SecureJarResource(pehkui)
[08Nov2025 21:18:38.428] [main/DEBUG] [mixin/]: MixinPlatformAgentMinecraftForge rejected container SecureJarResource(pehkui)
[08Nov2025 21:18:38.429] [main/DEBUG] [mixin/]: Instancing new MixinPlatformAgentDefault for SecureJarResource(pehkui)
[08Nov2025 21:18:38.429] [main/DEBUG] [mixin/]: MixinPlatformAgentDefault accepted container SecureJarResource(pehkui)
[08Nov2025 21:18:38.430] [main/DEBUG] [mixin/]: Processing prepare() for PlatformAgent[MixinPlatformAgentDefault:SecureJarResource(pehkui)]
[08Nov2025 21:18:38.430] [main/DEBUG] [mixin/]: Registering mixin config: pehkui.mixins.json
[08Nov2025 21:18:38.435] [main/DEBUG] [mixin/]: Adding mixin platform agents for container SecureJarResource(alienevo)
[08Nov2025 21:18:38.435] [main/DEBUG] [mixin/]: Instancing new MixinPlatformAgentMinecraftForge for SecureJarResource(alienevo)
[08Nov2025 21:18:38.438] [main/DEBUG] [mixin/]: MixinPlatformAgentMinecraftForge rejected container SecureJarResource(alienevo)
[08Nov2025 21:18:38.439] [main/DEBUG] [mixin/]: Instancing new MixinPlatformAgentDefault for SecureJarResource(alienevo)
[08Nov2025 21:18:38.439] [main/DEBUG] [mixin/]: MixinPlatformAgentDefault accepted container SecureJarResource(alienevo)
[08Nov2025 21:18:38.439] [main/DEBUG] [mixin/]: Processing prepare() for PlatformAgent[MixinPlatformAgentDefault:SecureJarResource(alienevo)]
[08Nov2025 21:18:38.439] [main/DEBUG] [mixin/]: Registering mixin config: alienevo-common.mixins.json
[08Nov2025 21:18:38.441] [main/ERROR] [mixin/]: Mixin config alienevo-common.mixins.json does not specify "minVersion" property
[08Nov2025 21:18:38.442] [main/DEBUG] [mixin/]: Registering mixin config: alienevo.mixins.json
[08Nov2025 21:18:38.443] [main/ERROR] [mixin/]: Mixin config alienevo.mixins.json does not specify "minVersion" property
[08Nov2025 21:18:38.444] [main/DEBUG] [mixin/]: Adding mixin platform agents for container SecureJarResource(forge)
[08Nov2025 21:18:38.444] [main/DEBUG] [mixin/]: Instancing new MixinPlatformAgentMinecraftForge for SecureJarResource(forge)
[08Nov2025 21:18:38.445] [main/DEBUG] [mixin/]: MixinPlatformAgentMinecraftForge rejected container SecureJarResource(forge)
[08Nov2025 21:18:38.445] [main/DEBUG] [mixin/]: Instancing new MixinPlatformAgentDefault for SecureJarResource(forge)
[08Nov2025 21:18:38.445] [main/DEBUG] [mixin/]: MixinPlatformAgentDefault accepted container SecureJarResource(forge)
[08Nov2025 21:18:38.445] [main/DEBUG] [mixin/]: Processing prepare() for PlatformAgent[MixinPlatformAgentDefault:SecureJarResource(forge)]
[08Nov2025 21:18:38.445] [main/DEBUG] [mixin/]: Adding mixin platform agents for container SecureJarResource(palladium)
[08Nov2025 21:18:38.446] [main/DEBUG] [mixin/]: Instancing new MixinPlatformAgentMinecraftForge for SecureJarResource(palladium)
[08Nov2025 21:18:38.446] [main/DEBUG] [mixin/]: MixinPlatformAgentMinecraftForge rejected container SecureJarResource(palladium)
[08Nov2025 21:18:38.446] [main/DEBUG] [mixin/]: Instancing new MixinPlatformAgentDefault for SecureJarResource(palladium)
[08Nov2025 21:18:38.446] [main/DEBUG] [mixin/]: MixinPlatformAgentDefault accepted container SecureJarResource(palladium)
[08Nov2025 21:18:38.446] [main/DEBUG] [mixin/]: Processing prepare() for PlatformAgent[MixinPlatformAgentDefault:SecureJarResource(palladium)]
[08Nov2025 21:18:38.447] [main/DEBUG] [mixin/]: Registering mixin config: palladium-common.mixins.json
[08Nov2025 21:18:38.458] [main/DEBUG] [mixin/]: Registering mixin config: palladium.mixins.json
[08Nov2025 21:18:38.460] [main/DEBUG] [mixin/]: Adding mixin platform agents for container SecureJarResource(mclib)
[08Nov2025 21:18:38.460] [main/DEBUG] [mixin/]: Instancing new MixinPlatformAgentMinecraftForge for SecureJarResource(mclib)
[08Nov2025 21:18:38.461] [main/DEBUG] [mixin/]: MixinPlatformAgentMinecraftForge rejected container SecureJarResource(mclib)
[08Nov2025 21:18:38.461] [main/DEBUG] [mixin/]: Instancing new MixinPlatformAgentDefault for SecureJarResource(mclib)
[08Nov2025 21:18:38.461] [main/DEBUG] [mixin/]: MixinPlatformAgentDefault accepted container SecureJarResource(mclib)
[08Nov2025 21:18:38.461] [main/DEBUG] [mixin/]: Processing prepare() for PlatformAgent[MixinPlatformAgentDefault:SecureJarResource(mclib)]
[08Nov2025 21:18:38.461] [main/DEBUG] [mixin/]: Adding mixin platform agents for container SecureJarResource(mixinextras)
[08Nov2025 21:18:38.461] [main/DEBUG] [mixin/]: Instancing new MixinPlatformAgentMinecraftForge for SecureJarResource(mixinextras)
[08Nov2025 21:18:38.462] [main/DEBUG] [mixin/]: MixinPlatformAgentMinecraftForge rejected container SecureJarResource(mixinextras)
[08Nov2025 21:18:38.462] [main/DEBUG] [mixin/]: Instancing new MixinPlatformAgentDefault for SecureJarResource(mixinextras)
[08Nov2025 21:18:38.462] [main/DEBUG] [mixin/]: MixinPlatformAgentDefault accepted container SecureJarResource(mixinextras)
[08Nov2025 21:18:38.463] [main/DEBUG] [mixin/]: Processing prepare() for PlatformAgent[MixinPlatformAgentDefault:SecureJarResource(mixinextras)]
[08Nov2025 21:18:38.464] [main/DEBUG] [mixin/]: Registering mixin config: mixinextras.init.mixins.json
[08Nov2025 21:18:38.466] [main/DEBUG] [mixin/]: Adding mixin platform agents for container SecureJarResource(MixinExtras)
[08Nov2025 21:18:38.468] [main/DEBUG] [mixin/]: Instancing new MixinPlatformAgentMinecraftForge for SecureJarResource(MixinExtras)
[08Nov2025 21:18:38.469] [main/DEBUG] [mixin/]: MixinPlatformAgentMinecraftForge rejected container SecureJarResource(MixinExtras)
[08Nov2025 21:18:38.469] [main/DEBUG] [mixin/]: Instancing new MixinPlatformAgentDefault for SecureJarResource(MixinExtras)
[08Nov2025 21:18:38.469] [main/DEBUG] [mixin/]: MixinPlatformAgentDefault accepted container SecureJarResource(MixinExtras)
[08Nov2025 21:18:38.469] [main/DEBUG] [mixin/]: Processing prepare() for PlatformAgent[MixinPlatformAgentDefault:SecureJarResource(MixinExtras)]
[08Nov2025 21:18:38.469] [main/DEBUG] [mixin/]: inject() running with 15 agents
[08Nov2025 21:18:38.469] [main/DEBUG] [mixin/]: Processing inject() for PlatformAgent[MixinPlatformAgentDefault:ModLauncher Root Container(ModLauncher:4f56a0a2)]
[08Nov2025 21:18:38.469] [main/DEBUG] [mixin/]: Processing inject() for PlatformAgent[MixinPlatformAgentDefault:SecureJarResource(minecraft)]
[08Nov2025 21:18:38.469] [main/DEBUG] [mixin/]: Processing inject() for PlatformAgent[MixinPlatformAgentDefault:SecureJarResource(rhino)]
[08Nov2025 21:18:38.470] [main/DEBUG] [mixin/]: Processing inject() for PlatformAgent[MixinPlatformAgentDefault:SecureJarResource(geckolib)]
[08Nov2025 21:18:38.470] [main/DEBUG] [mixin/]: Processing inject() for PlatformAgent[MixinPlatformAgentDefault:SecureJarResource(architectury)]
[08Nov2025 21:18:38.474] [main/DEBUG] [mixin/]: Processing inject() for PlatformAgent[MixinPlatformAgentDefault:SecureJarResource(kubejs)]
[08Nov2025 21:18:38.474] [main/DEBUG] [mixin/]: Processing inject() for PlatformAgent[MixinPlatformAgentDefault:SecureJarResource(playeranimator)]
[08Nov2025 21:18:38.475] [main/DEBUG] [mixin/]: Processing inject() for PlatformAgent[MixinPlatformAgentDefault:SecureJarResource(palladiumcore)]
[08Nov2025 21:18:38.476] [main/DEBUG] [mixin/]: Processing inject() for PlatformAgent[MixinPlatformAgentDefault:SecureJarResource(pehkui)]
[08Nov2025 21:18:38.476] [main/DEBUG] [mixin/]: Processing inject() for PlatformAgent[MixinPlatformAgentDefault:SecureJarResource(alienevo)]
[08Nov2025 21:18:38.476] [main/DEBUG] [mixin/]: Processing inject() for PlatformAgent[MixinPlatformAgentDefault:SecureJarResource(forge)]
[08Nov2025 21:18:38.476] [main/DEBUG] [mixin/]: Processing inject() for PlatformAgent[MixinPlatformAgentDefault:SecureJarResource(palladium)]
[08Nov2025 21:18:38.477] [main/DEBUG] [mixin/]: Processing inject() for PlatformAgent[MixinPlatformAgentDefault:SecureJarResource(mclib)]
[08Nov2025 21:18:38.478] [main/DEBUG] [mixin/]: Processing inject() for PlatformAgent[MixinPlatformAgentDefault:SecureJarResource(mixinextras)]
[08Nov2025 21:18:38.478] [main/DEBUG] [mixin/]: Processing inject() for PlatformAgent[MixinPlatformAgentDefault:SecureJarResource(MixinExtras)]
[08Nov2025 21:18:38.478] [main/INFO] [cpw.mods.modlauncher.LaunchServiceHandler/MODLAUNCHER]: Launching target 'forgeserver' with arguments [nogui]
[08Nov2025 21:18:38.572] [main/DEBUG] [mixin/]: Error cleaning class output directory: .mixin.out
[08Nov2025 21:18:38.574] [main/DEBUG] [mixin/]: Preparing mixins for MixinEnvironment[DEFAULT]
[08Nov2025 21:18:38.576] [main/DEBUG] [mixin/]: Selecting config rhino-common.mixins.json
[08Nov2025 21:18:38.580] [main/DEBUG] [mixin/]: Selecting config geckolib.mixins.json
[08Nov2025 21:18:38.581] [main/DEBUG] [mixin/]: Selecting config architectury.mixins.json
[08Nov2025 21:18:38.603] [main/DEBUG] [mixin/]: Selecting config architectury-common.mixins.json
[08Nov2025 21:18:38.604] [main/DEBUG] [mixin/]: Selecting config kubejs-forge.mixins.json
[08Nov2025 21:18:38.608] [main/DEBUG] [mixin/]: Selecting config kubejs-common.mixins.json
[08Nov2025 21:18:38.613] [main/DEBUG] [mixin/]: Selecting config playerAnimator-common.mixins.json
[08Nov2025 21:18:38.622] [main/DEBUG] [mixin/]: Selecting config palladiumcore-common.mixins.json
[08Nov2025 21:18:38.622] [main/DEBUG] [mixin/]: Selecting config palladiumcore.mixins.json
[08Nov2025 21:18:38.625] [main/DEBUG] [mixin/]: Selecting config pehkui.mixins.json
[08Nov2025 21:18:38.645] [main/DEBUG] [mixin/]: Selecting config alienevo-common.mixins.json
[08Nov2025 21:18:38.652] [main/DEBUG] [mixin/]: Selecting config alienevo.mixins.json
[08Nov2025 21:18:38.656] [main/DEBUG] [mixin/]: Selecting config palladium-common.mixins.json
[08Nov2025 21:18:38.690] [main/DEBUG] [mixin/]: Selecting config palladium.mixins.json
[08Nov2025 21:18:38.691] [main/DEBUG] [mixin/]: Selecting config mixinextras.init.mixins.json
[08Nov2025 21:18:38.767] [main/DEBUG] [MixinExtras|Service/]: com.llamalad7.mixinextras.service.MixinExtrasServiceImpl(version=0.5.0) is taking over from null
[08Nov2025 21:18:38.835] [main/DEBUG] [mixin/]: Registering new injector for @Inject with org.spongepowered.asm.mixin.injection.struct.CallbackInjectionInfo
[08Nov2025 21:18:38.839] [main/DEBUG] [mixin/]: Registering new injector for @ModifyArg with org.spongepowered.asm.mixin.injection.struct.ModifyArgInjectionInfo
[08Nov2025 21:18:38.841] [main/DEBUG] [mixin/]: Registering new injector for @ModifyArgs with org.spongepowered.asm.mixin.injection.struct.ModifyArgsInjectionInfo
[08Nov2025 21:18:38.842] [main/DEBUG] [mixin/]: Registering new injector for @Redirect with org.spongepowered.asm.mixin.injection.struct.RedirectInjectionInfo
[08Nov2025 21:18:38.845] [main/DEBUG] [mixin/]: Registering new injector for @ModifyVariable with org.spongepowered.asm.mixin.injection.struct.ModifyVariableInjectionInfo
[08Nov2025 21:18:38.848] [main/DEBUG] [mixin/]: Registering new injector for @ModifyConstant with org.spongepowered.asm.mixin.injection.struct.ModifyConstantInjectionInfo
[08Nov2025 21:18:38.862] [main/DEBUG] [mixin/]: Preparing rhino-common.mixins.json (8)
[08Nov2025 21:18:38.946] [main/DEBUG] [mixin/]: Preparing geckolib.mixins.json (1)
[08Nov2025 21:18:38.947] [main/DEBUG] [mixin/]: Preparing architectury.mixins.json (9)
[08Nov2025 21:18:38.986] [main/DEBUG] [mixin/]: Preparing architectury-common.mixins.json (10)
[08Nov2025 21:18:39.020] [main/DEBUG] [net.minecraftforge.coremod.transformer.CoreModBaseTransformer/COREMOD]: Transforming net/minecraft/world/item/BucketItem
[08Nov2025 21:18:39.061] [main/DEBUG] [net.minecraftforge.coremod.transformer.CoreModBaseTransformer/COREMOD]: Transforming net/minecraft/world/entity/EntityType
[08Nov2025 21:18:39.663] [main/DEBUG] [net.minecraftforge.coremod.transformer.CoreModBaseTransformer/COREMOD]: Transforming net/minecraft/world/level/block/LiquidBlock
[08Nov2025 21:18:39.683] [main/DEBUG] [mixin/]: Preparing kubejs-forge.mixins.json (7)
[08Nov2025 21:18:39.765] [main/DEBUG] [mixin/]: Preparing kubejs-common.mixins.json (55)
[08Nov2025 21:18:39.845] [main/DEBUG] [mixin/]: @Mixin target net/minecraft/world/item/crafting/Ingredient$TagValue is public in kubejs-common.mixins.json:IngredientTagValueMixin and should be specified in value
[08Nov2025 21:18:39.857] [main/DEBUG] [net.minecraftforge.coremod.transformer.CoreModBaseTransformer/COREMOD]: Transforming net/minecraft/world/item/ItemStack
[08Nov2025 21:18:40.101] [main/DEBUG] [mixin/]: Preparing playerAnimator-common.mixins.json (14)
[08Nov2025 21:18:40.101] [main/DEBUG] [mixin/]: Preparing palladiumcore-common.mixins.json (1)
[08Nov2025 21:18:40.102] [main/DEBUG] [mixin/]: Preparing palladiumcore.mixins.json (3)
[08Nov2025 21:18:40.108] [main/DEBUG] [mixin/]: Preparing pehkui.mixins.json (280)
[08Nov2025 21:18:40.125] [main/DEBUG] [net.minecraftforge.versions.mcp.MCPVersion/CORE]: MCP Version package package net.minecraftforge.versions.mcp, Minecraft, version 1.20.1 from cpw.mods.modlauncher.TransformingClassLoader@532e27ab
[08Nov2025 21:18:40.128] [main/DEBUG] [net.minecraftforge.versions.mcp.MCPVersion/CORE]: Found MC version information 1.20.1
[08Nov2025 21:18:40.131] [main/DEBUG] [net.minecraftforge.versions.mcp.MCPVersion/CORE]: Found MCP version information 20230612.114412
[08Nov2025 21:18:40.480] [main/DEBUG] [net.minecraftforge.coremod.transformer.CoreModBaseTransformer/COREMOD]: Transforming net/minecraft/world/entity/monster/Evoker$EvokerSummonSpellGoal
[08Nov2025 21:18:40.512] [main/DEBUG] [net.minecraftforge.coremod.transformer.CoreModBaseTransformer/COREMOD]: Transforming net/minecraft/world/entity/npc/Villager
[08Nov2025 21:18:41.333] [main/DEBUG] [net.minecraftforge.coremod.transformer.CoreModBaseTransformer/COREMOD]: Transforming net/minecraft/world/entity/monster/Zombie
[08Nov2025 21:18:41.592] [main/DEBUG] [mixin/]: Preparing alienevo-common.mixins.json (2)
[08Nov2025 21:18:41.593] [main/DEBUG] [mixin/]: Preparing alienevo.mixins.json (0)
[08Nov2025 21:18:41.593] [main/DEBUG] [mixin/]: Preparing palladium-common.mixins.json (45)
[08Nov2025 21:18:41.621] [main/DEBUG] [mixin/]: Preparing palladium.mixins.json (5)
[08Nov2025 21:18:41.651] [main/DEBUG] [mixin/]: Preparing mixinextras.init.mixins.json (0)
[08Nov2025 21:18:41.697] [main/DEBUG] [mixin/]: Inner class dev/latvian/mods/kubejs/core/mixin/common/GameRulesMixin$1 in dev/latvian/mods/kubejs/core/mixin/common/GameRulesMixin on net/minecraft/world/level/GameRules gets unique name net/minecraft/world/level/GameRules$Anonymous$350605a8e9b14113ab65b1c32d5058a8
[08Nov2025 21:18:41.765] [main/DEBUG] [mixin/]: Inner class net/threetag/palladium/mixin/AbstractContainerMenuMixin$1 in net/threetag/palladium/mixin/AbstractContainerMenuMixin on net/minecraft/world/inventory/AbstractContainerMenu gets unique name net/minecraft/world/inventory/AbstractContainerMenu$Anonymous$1d473394981b40779bc61e04d83c2307
[08Nov2025 21:18:41.783] [main/DEBUG] [mixin/]: Prepared 226 mixins in 3.207 sec (14.2ms avg) (0ms load, 0ms transform, 0ms plugin)
[08Nov2025 21:18:41.809] [main/INFO] [MixinExtras|Service/]: Initializing MixinExtras via com.llamalad7.mixinextras.service.MixinExtrasServiceImpl(version=0.5.0).
[08Nov2025 21:18:41.810] [main/DEBUG] [mixin/]: Registering new injector for @SugarWrapper with com.llamalad7.mixinextras.sugar.impl.SugarWrapperInjectionInfo
[08Nov2025 21:18:41.813] [main/DEBUG] [mixin/]: Registering new injector for @FactoryRedirectWrapper with com.llamalad7.mixinextras.wrapper.factory.FactoryRedirectWrapperInjectionInfo
[08Nov2025 21:18:41.814] [main/DEBUG] [mixin/]: Registering new injector for @ExpressionInjectorWrapper with com.llamalad7.mixinextras.expression.impl.wrapper.ExpressionInjectorWrapperInjectionInfo
[08Nov2025 21:18:41.839] [main/DEBUG] [mixin/]: Mixing MinecraftServerMixin from kubejs-common.mixins.json into net.minecraft.server.MinecraftServer
[08Nov2025 21:18:41.873] [main/DEBUG] [mixin/]: Renaming synthetic method lambda$kjs$endResourceReload$1()V to mdfca6ce$lambda$kjs$endResourceReload$1$0 in kubejs-common.mixins.json:MinecraftServerMixin
[08Nov2025 21:18:41.874] [main/DEBUG] [mixin/]: Renaming synthetic method lambda$kjs$init$0()V to mdfca6ce$lambda$kjs$init$0$1 in kubejs-common.mixins.json:MinecraftServerMixin
[08Nov2025 21:18:41.960] [main/DEBUG] [mixin/]: Mixing inject_resources.MinecraftServerMixin from kubejs-common.mixins.json into net.minecraft.server.MinecraftServer
[08Nov2025 21:18:42.060] [main/DEBUG] [net.minecraftforge.coremod.transformer.CoreModBaseTransformer/COREMOD]: Transforming net/minecraft/world/level/levelgen/PhantomSpawner
[08Nov2025 21:18:42.097] [main/DEBUG] [net.minecraftforge.coremod.transformer.CoreModBaseTransformer/COREMOD]: Transforming net/minecraft/world/level/levelgen/PatrolSpawner
[08Nov2025 21:18:42.128] [main/DEBUG] [net.minecraftforge.coremod.transformer.CoreModBaseTransformer/COREMOD]: Transforming net/minecraft/world/entity/npc/CatSpawner
[08Nov2025 21:18:42.177] [main/DEBUG] [net.minecraftforge.coremod.transformer.CoreModBaseTransformer/COREMOD]: Transforming net/minecraft/world/entity/ai/village/VillageSiege
[08Nov2025 21:18:42.437] [main/DEBUG] [io.netty.util.internal.logging.InternalLoggerFactory/]: Using SLF4J as the default logging framework
[08Nov2025 21:18:42.442] [main/DEBUG] [io.netty.util.ResourceLeakDetector/]: -Dio.netty.leakDetection.level: simple
[08Nov2025 21:18:42.442] [main/DEBUG] [io.netty.util.ResourceLeakDetector/]: -Dio.netty.leakDetection.targetRecords: 4
[08Nov2025 21:18:42.470] [main/DEBUG] [mixin/]: Mixing components.MutableComponentMixin from kubejs-common.mixins.json into net.minecraft.network.chat.MutableComponent
[08Nov2025 21:18:42.500] [main/DEBUG] [mixin/]: Mixing TextColorMixin from rhino-common.mixins.json into net.minecraft.network.chat.TextColor
[08Nov2025 21:18:42.550] [main/DEBUG] [mixin/]: Mixing ChatFormattingMixin from rhino-common.mixins.json into net.minecraft.ChatFormatting
[08Nov2025 21:18:42.704] [main/DEBUG] [mixin/]: Mixing ResourceLocationMixin from rhino-common.mixins.json into net.minecraft.resources.ResourceLocation
[08Nov2025 21:18:42.847] [main/DEBUG] [oshi.util.FileUtil/]: No oshi.properties file found from ClassLoader cpw.mods.modlauncher.TransformingClassLoader@532e27ab
[08Nov2025 21:18:42.847] [main/DEBUG] [oshi.util.FileUtil/]: No oshi.properties file found from ClassLoader jdk.internal.loader.ClassLoaders$AppClassLoader@76ed5528
[08Nov2025 21:18:43.027] [main/DEBUG] [oshi.util.FileUtil/]: Reading file /proc/self/auxv
[08Nov2025 21:18:43.027] [main/DEBUG] [oshi.util.FileUtil/]: Reading file /proc/self/auxv
[08Nov2025 21:18:43.041] [main/DEBUG] [oshi.util.FileUtil/]: Reading file /proc/stat
[08Nov2025 21:18:43.065] [main/DEBUG] [oshi.util.FileUtil/]: Reading file /sys/devices/system/cpu/cpu0/topology/core_id
[08Nov2025 21:18:43.068] [main/DEBUG] [oshi.util.FileUtil/]: Reading file /sys/devices/system/cpu/cpu0/topology/core_id
[08Nov2025 21:18:43.068] [main/DEBUG] [oshi.util.FileUtil/]: Reading file /sys/devices/system/cpu/cpu0/topology/physical_package_id
[08Nov2025 21:18:43.068] [main/DEBUG] [oshi.util.FileUtil/]: Reading file /sys/devices/system/cpu/cpu0/topology/physical_package_id
[08Nov2025 21:18:43.068] [main/DEBUG] [oshi.util.FileUtil/]: Reading file /sys/devices/system/cpu/cpu0/cpu_capacity
[08Nov2025 21:18:43.076] [main/DEBUG] [oshi.util.FileUtil/]: Reading file /sys/devices/system/cpu/cpu1/topology/core_id
[08Nov2025 21:18:43.076] [main/DEBUG] [oshi.util.FileUtil/]: Reading file /sys/devices/system/cpu/cpu1/topology/core_id
[08Nov2025 21:18:43.076] [main/DEBUG] [oshi.util.FileUtil/]: Reading file /sys/devices/system/cpu/cpu1/topology/physical_package_id
[08Nov2025 21:18:43.077] [main/DEBUG] [oshi.util.FileUtil/]: Reading file /sys/devices/system/cpu/cpu1/topology/physical_package_id
[08Nov2025 21:18:43.077] [main/DEBUG] [oshi.util.FileUtil/]: Reading file /sys/devices/system/cpu/cpu1/cpu_capacity
[08Nov2025 21:18:43.082] [main/DEBUG] [oshi.util.FileUtil/]: Reading file /proc/cpuinfo
[08Nov2025 21:18:43.108] [main/DEBUG] [oshi.util.FileUtil/]: Reading file /proc/self/auxv
[08Nov2025 21:18:43.111] [main/DEBUG] [oshi.util.FileUtil/]: No oshi.architecture.properties file found from ClassLoader cpw.mods.modlauncher.TransformingClassLoader@532e27ab
[08Nov2025 21:18:43.112] [main/DEBUG] [oshi.util.FileUtil/]: No oshi.architecture.properties file found from ClassLoader jdk.internal.loader.ClassLoaders$AppClassLoader@76ed5528
[08Nov2025 21:18:43.141] [main/DEBUG] [oshi.util.FileUtil/]: Reading file /proc/meminfo
[08Nov2025 21:18:43.144] [main/DEBUG] [oshi.util.FileUtil/]: Reading file /proc/meminfo
[08Nov2025 21:18:43.151] [main/DEBUG] [mixin/]: Mixing UtilMixin from kubejs-common.mixins.json into net.minecraft.Util
[08Nov2025 21:18:43.264] [main/DEBUG] [mixin/]: Mixing ResourceKeyMixin from rhino-common.mixins.json into net.minecraft.resources.ResourceKey
[08Nov2025 21:18:43.417] [main/DEBUG] [mixin/]: Mixing inject.MixinGameEvent from architectury-common.mixins.json into net.minecraft.world.level.gameevent.GameEvent
[08Nov2025 21:18:43.477] [main/DEBUG] [mixin/]: Mixing inject.MixinBlock from architectury-common.mixins.json into net.minecraft.world.level.block.Block
[08Nov2025 21:18:43.478] [main/DEBUG] [mixin/]: Mixing BlockMixin from kubejs-common.mixins.json into net.minecraft.world.level.block.Block
[08Nov2025 21:18:43.507] [main/DEBUG] [mixin/]: Mixing BlockBehaviourMixin from kubejs-common.mixins.json into net.minecraft.world.level.block.state.BlockBehaviour
[08Nov2025 21:18:43.572] [main/DEBUG] [mixin/]: Mixing LevelMixin from kubejs-common.mixins.json into net.minecraft.world.level.Level
[08Nov2025 21:18:43.648] [main/DEBUG] [mixin/]: Mixing CapabilityProviderMixin from palladium.mixins.json into net.minecraftforge.common.capabilities.CapabilityProvider
[08Nov2025 21:18:43.648] [main/DEBUG] [mixin/]: Renaming synthetic method lambda$getCapability$0(Lnet/threetag/palladium/energy/IEnergyStorage;)Lnet/minecraftforge/energy/IEnergyStorage; to mdfca6ce$lambda$getCapability$0$0 in palladium.mixins.json:CapabilityProviderMixin
[08Nov2025 21:18:43.669] [main/DEBUG] [mixin/]: Mixing ServerLevelMixin from kubejs-common.mixins.json into net.minecraft.server.level.ServerLevel
[08Nov2025 21:18:43.674] [main/DEBUG] [mixin/]: Mixing compat117plus.ServerWorldMixin from pehkui.mixins.json into net.minecraft.server.level.ServerLevel
[08Nov2025 21:18:43.778] [main/DEBUG] [mixin/]: Mixing BlockStateBaseMixin from kubejs-common.mixins.json into net.minecraft.world.level.block.state.BlockBehaviour$BlockStateBase
[08Nov2025 21:18:43.784] [main/DEBUG] [mixin/]: Mixing compat116plus.AbstractBlockStateMixin from pehkui.mixins.json into net.minecraft.world.level.block.state.BlockBehaviour$BlockStateBase
[08Nov2025 21:18:43.786] [main/DEBUG] [mixin/]: Mixing BlockBehaviourMixin from palladium-common.mixins.json into net.minecraft.world.level.block.state.BlockBehaviour$BlockStateBase
[08Nov2025 21:18:43.789] [main/DEBUG] [mixin/]: Renaming synthetic method lambda$getCollisionShape$1(Ljava/lang/Integer;)Lnet/minecraft/world/phys/shapes/VoxelShape; to mdfca6ce$lambda$getCollisionShape$1$0 in palladium-common.mixins.json:BlockBehaviourMixin
[08Nov2025 21:18:43.790] [main/DEBUG] [mixin/]: Renaming synthetic method lambda$getCollisionShape$0(Ljava/lang/Integer;)Lnet/minecraft/world/phys/shapes/VoxelShape; to mdfca6ce$lambda$getCollisionShape$0$1 in palladium-common.mixins.json:BlockBehaviourMixin
[08Nov2025 21:18:43.817] [main/DEBUG] [mixin/]: Mixing BlockStateBaseMixin from palladium-common.mixins.json into net.minecraft.world.level.block.state.BlockBehaviour$BlockStateBase
[08Nov2025 21:18:43.914] [main/DEBUG] [mixin/]: Mixing EntityMixin from kubejs-forge.mixins.json into net.minecraft.world.entity.Entity
[08Nov2025 21:18:43.917] [main/DEBUG] [mixin/]: Mixing EntityMixin from kubejs-common.mixins.json into net.minecraft.world.entity.Entity
[08Nov2025 21:18:43.927] [main/DEBUG] [mixin/]: Mixing EntityMixin from pehkui.mixins.json into net.minecraft.world.entity.Entity
[08Nov2025 21:18:43.956] [main/DEBUG] [mixin/]: Mixing ThreadSafeScaledEntityMixin from pehkui.mixins.json into net.minecraft.world.entity.Entity
[08Nov2025 21:18:43.976] [main/DEBUG] [mixin/]: Mixing compat117plus.EntityCalculateDimensionsMixin from pehkui.mixins.json into net.minecraft.world.entity.Entity
[08Nov2025 21:18:43.977] [main/DEBUG] [mixin/]: Renaming synthetic method lambda$pehkui$calculateDimensions$0(Lnet/minecraft/world/entity/Entity;DLnet/minecraft/world/phys/Vec3;)V to mdfca6ce$lambda$pehkui$calculateDimensions$0$0 in pehkui.mixins.json:compat117plus.EntityCalculateDimensionsMixin
[08Nov2025 21:18:43.987] [main/DEBUG] [mixin/]: Mixing compat117plus.EntityMixin from pehkui.mixins.json into net.minecraft.world.entity.Entity
[08Nov2025 21:18:43.991] [main/DEBUG] [mixin/]: Mixing compat1204minus.compat116plus.EntityMixin from pehkui.mixins.json into net.minecraft.world.entity.Entity
[08Nov2025 21:18:43.993] [main/DEBUG] [mixin/]: Mixing compat120plus.EntityMixin from pehkui.mixins.json into net.minecraft.world.entity.Entity
[08Nov2025 21:18:43.994] [main/DEBUG] [mixin/]: Mixing step_height.compat1194plus.EntityMixin from pehkui.mixins.json into net.minecraft.world.entity.Entity
[08Nov2025 21:18:43.997] [main/DEBUG] [mixin/]: Mixing EntityMixin from palladium-common.mixins.json into net.minecraft.world.entity.Entity
[08Nov2025 21:18:44.193] [main/DEBUG] [mixin/]: Mixing step_height.IForgeEntityMixin from pehkui.mixins.json into net.minecraftforge.common.extensions.IForgeEntity
[08Nov2025 21:18:44.215] [main/DEBUG] [mixin/]: Mixing LivingEntityMixin from kubejs-common.mixins.json into net.minecraft.world.entity.LivingEntity
[08Nov2025 21:18:44.219] [main/DEBUG] [mixin/]: Mixing LivingEntityMixin from pehkui.mixins.json into net.minecraft.world.entity.LivingEntity
[08Nov2025 21:18:44.219] [main/DEBUG] [mixin/]: Renaming synthetic method lambda$pehkui$tickMovement$minVelocity$0(I)Z to mdfca6ce$lambda$pehkui$tickMovement$minVelocity$0$0 in pehkui.mixins.json:LivingEntityMixin
[08Nov2025 21:18:44.244] [main/DEBUG] [mixin/]: Mixing compat117plus.LivingEntityMixin from pehkui.mixins.json into net.minecraft.world.entity.LivingEntity
[08Nov2025 21:18:44.246] [main/DEBUG] [mixin/]: Mixing compat1194plus.LivingEntityMixin from pehkui.mixins.json into net.minecraft.world.entity.LivingEntity
[08Nov2025 21:18:44.248] [main/DEBUG] [mixin/]: Mixing compat1204minus.LivingEntityMixin from pehkui.mixins.json into net.minecraft.world.entity.LivingEntity
[08Nov2025 21:18:44.252] [main/DEBUG] [mixin/]: Mixing LivingEntityMixin from palladium-common.mixins.json into net.minecraft.world.entity.LivingEntity
[08Nov2025 21:18:44.270] [main/DEBUG] [mixin/]: Mixing compat115plus.LivingEntityMixin from pehkui.mixins.json into net.minecraft.world.entity.LivingEntity
[08Nov2025 21:18:44.423] [main/DEBUG] [mixin/]: Mixing ItemEntityMixin from kubejs-common.mixins.json into net.minecraft.world.entity.item.ItemEntity
[08Nov2025 21:18:44.423] [main/DEBUG] [mixin/]: Mixing ItemEntityMixin from pehkui.mixins.json into net.minecraft.world.entity.item.ItemEntity
[08Nov2025 21:18:44.446] [main/DEBUG] [mixin/]: Mixing reach.PlayerEntityMixin from pehkui.mixins.json into net.minecraft.world.entity.player.Player
[08Nov2025 21:18:44.449] [main/DEBUG] [mixin/]: Mixing PlayerEntityMixin from pehkui.mixins.json into net.minecraft.world.entity.player.Player
[08Nov2025 21:18:44.457] [main/DEBUG] [mixin/]: Mixing compat117plus.PlayerEntityMixin from pehkui.mixins.json into net.minecraft.world.entity.player.Player
[08Nov2025 21:18:44.458] [main/DEBUG] [mixin/]: Mixing compat1194plus.PlayerEntityMixin from pehkui.mixins.json into net.minecraft.world.entity.player.Player
[08Nov2025 21:18:44.460] [main/DEBUG] [mixin/]: Mixing compat1201minus.EntityVehicleHeightOffsetMixin from pehkui.mixins.json into net.minecraft.world.entity.player.Player
[08Nov2025 21:18:44.463] [main/DEBUG] [mixin/]: Mixing compat1204minus.PlayerEntityMixin from pehkui.mixins.json into net.minecraft.world.entity.player.Player
[08Nov2025 21:18:44.465] [main/DEBUG] [mixin/]: Mixing PlayerMixin from palladium-common.mixins.json into net.minecraft.world.entity.player.Player
[08Nov2025 21:18:44.466] [main/DEBUG] [mixin/]: Renaming synthetic method lambda$palladium$hasCorrectToolForDrops$0(Lnet/minecraft/world/level/block/state/BlockState;Lorg/spongepowered/asm/mixin/injection/callback/CallbackInfoReturnable;Lnet/threetag/palladium/power/ability/AbilityInstance;)V to mdfca6ce$lambda$palladium$hasCorrectToolForDrops$0$0 in palladium-common.mixins.json:PlayerMixin
[08Nov2025 21:18:44.485] [main/DEBUG] [mixin/]: Mixing PlayerMixin from kubejs-common.mixins.json into net.minecraft.world.entity.player.Player
[08Nov2025 21:18:44.557] [main/DEBUG] [mixin/]: Mixing reach.IForgePlayerMixin from pehkui.mixins.json into net.minecraftforge.common.extensions.IForgePlayer
[08Nov2025 21:18:44.599] [main/DEBUG] [mixin/]: Mixing inject.MixinFluid from architectury-common.mixins.json into net.minecraft.world.level.material.Fluid
[08Nov2025 21:18:44.604] [main/DEBUG] [mixin/]: Mixing inject.MixinItem from architectury-common.mixins.json into net.minecraft.world.item.Item
[08Nov2025 21:18:44.607] [main/DEBUG] [mixin/]: Mixing reach.compat1204minus.compat116plus.ItemMixin from pehkui.mixins.json into net.minecraft.world.item.Item
[08Nov2025 21:18:44.608] [main/DEBUG] [mixin/]: Mixing ItemMixin from kubejs-common.mixins.json into net.minecraft.world.item.Item
[08Nov2025 21:18:44.677] [main/DEBUG] [mixin/]: Mixing compat117plus.patchwork.compat.IForgeItemMixin from pehkui.mixins.json into net.minecraftforge.common.extensions.IForgeItem
[08Nov2025 21:18:44.701] [main/DEBUG] [net.minecraftforge.coremod.transformer.CoreModBaseTransformer/COREMOD]: Transforming net/minecraft/world/entity/EntityType
[08Nov2025 21:18:44.759] [main/DEBUG] [mixin/]: Mixing inject.MixinEntityType from architectury-common.mixins.json into net.minecraft.world.entity.EntityType
[08Nov2025 21:18:44.844] [main/DEBUG] [mixin/]: Mixing CreativeModeTabMixin from kubejs-common.mixins.json into net.minecraft.world.item.CreativeModeTab
[08Nov2025 21:18:44.854] [main/DEBUG] [mixin/]: Mixing DirectionMixin from rhino-common.mixins.json into net.minecraft.core.Direction
[08Nov2025 21:18:45.113] [main/DEBUG] [net.minecraftforge.coremod.transformer.CoreModBaseTransformer/COREMOD]: Transforming net/minecraft/world/level/block/LiquidBlock
[08Nov2025 21:18:45.114] [main/DEBUG] [mixin/]: Mixing inject.MixinLiquidBlock from architectury-common.mixins.json into net.minecraft.world.level.block.LiquidBlock
[08Nov2025 21:18:45.150] [main/DEBUG] [net.minecraftforge.coremod.transformer.CoreModBaseTransformer/COREMOD]: Transforming net/minecraft/world/level/block/StairBlock
[08Nov2025 21:18:45.191] [main/DEBUG] [mixin/]: Mixing PortalBlockMixin from pehkui.mixins.json into net.minecraft.world.level.block.NetherPortalBlock
[08Nov2025 21:18:45.230] [main/DEBUG] [net.minecraftforge.coremod.transformer.CoreModBaseTransformer/COREMOD]: Transforming net/minecraft/world/level/block/FlowerPotBlock
[08Nov2025 21:18:45.497] [main/DEBUG] [mixin/]: Mixing DyeColorMixin from rhino-common.mixins.json into net.minecraft.world.item.DyeColor
[08Nov2025 21:18:45.528] [main/DEBUG] [mixin/]: Mixing MixinFallingBlockEntity from architectury.mixins.json into net.minecraft.world.entity.item.FallingBlockEntity
[08Nov2025 21:18:45.530] [main/DEBUG] [mixin/]: Mixing PreEntityTickMixin from pehkui.mixins.json into net.minecraft.world.entity.item.FallingBlockEntity
[08Nov2025 21:18:45.608] [main/DEBUG] [mixin/]: Mixing reach.compat1204minus.compat1194plus.InventoryMixin from pehkui.mixins.json into net.minecraft.world.Container
[08Nov2025 21:18:45.615] [main/DEBUG] [mixin/]: Mixing ContainerMixin from kubejs-common.mixins.json into net.minecraft.world.Container
[08Nov2025 21:18:45.983] [main/DEBUG] [mixin/]: Mixing RangedAttributeAccessor from palladium-common.mixins.json into net.minecraft.world.entity.ai.attributes.RangedAttribute
[08Nov2025 21:18:46.011] [main/DEBUG] [mixin/]: Mixing PreEntityTickMixin from pehkui.mixins.json into net.minecraft.world.entity.item.PrimedTnt
[08Nov2025 21:18:46.415] [main/DEBUG] [mixin/]: Mixing compat1204minus.ScreenHandlerMixin from pehkui.mixins.json into net.minecraft.world.inventory.AbstractContainerMenu
[08Nov2025 21:18:46.417] [main/DEBUG] [mixin/]: Mixing reach.compat1204minus.ScreenHandlerMixin from pehkui.mixins.json into net.minecraft.world.inventory.AbstractContainerMenu
[08Nov2025 21:18:46.418] [main/DEBUG] [mixin/]: Mixing AbstractContainerMenuMixin from palladium-common.mixins.json into net.minecraft.world.inventory.AbstractContainerMenu
[08Nov2025 21:18:46.577] [main/DEBUG] [mixin/]: Mixing PersistentProjectileEntityMixin from pehkui.mixins.json into net.minecraft.world.entity.projectile.AbstractArrow
[08Nov2025 21:18:46.579] [main/DEBUG] [mixin/]: Mixing compat116plus.PersistentProjectileEntityMixin from pehkui.mixins.json into net.minecraft.world.entity.projectile.AbstractArrow
[08Nov2025 21:18:46.583] [main/DEBUG] [mixin/]: Mixing compat1202minus.PersistentProjectileEntityMixin from pehkui.mixins.json into net.minecraft.world.entity.projectile.AbstractArrow
[08Nov2025 21:18:46.586] [main/DEBUG] [mixin/]: Mixing compat1204minus.PersistentProjectileEntityMixin from pehkui.mixins.json into net.minecraft.world.entity.projectile.AbstractArrow
[08Nov2025 21:18:46.607] [main/DEBUG] [mixin/]: Mixing compat116plus.ProjectileEntityMixin from pehkui.mixins.json into net.minecraft.world.entity.projectile.Projectile
[08Nov2025 21:18:46.642] [main/DEBUG] [mixin/]: Mixing MobEntityMixin from pehkui.mixins.json into net.minecraft.world.entity.Mob
[08Nov2025 21:18:46.646] [main/DEBUG] [mixin/]: Mixing compat116plus.MobEntityMixin from pehkui.mixins.json into net.minecraft.world.entity.Mob
[08Nov2025 21:18:46.704] [main/DEBUG] [mixin/]: Mixing compat1201minus.EntityVehicleHeightOffsetMixin from pehkui.mixins.json into net.minecraft.world.entity.monster.Silverfish
[08Nov2025 21:18:46.811] [main/DEBUG] [net.minecraftforge.coremod.transformer.CoreModBaseTransformer/COREMOD]: Transforming net/minecraft/world/item/ItemStack
[08Nov2025 21:18:46.813] [main/DEBUG] [mixin/]: Mixing ItemStackMixin from kubejs-common.mixins.json into net.minecraft.world.item.ItemStack
[08Nov2025 21:18:46.946] [main/DEBUG] [mixin/]: Mixing WitherEntityMixin from pehkui.mixins.json into net.minecraft.world.entity.boss.wither.WitherBoss
[08Nov2025 21:18:46.949] [main/DEBUG] [mixin/]: Mixing compat1204minus.WitherEntityMixin from pehkui.mixins.json into net.minecraft.world.entity.boss.wither.WitherBoss
[08Nov2025 21:18:47.036] [main/DEBUG] [mixin/]: Mixing compat1204minus.compat116plus.ForgingScreenHandlerMixin from pehkui.mixins.json into net.minecraft.world.inventory.ItemCombinerMenu
[08Nov2025 21:18:47.038] [main/DEBUG] [mixin/]: Mixing reach.compat1204minus.compat116plus.ForgingScreenHandlerMixin from pehkui.mixins.json into net.minecraft.world.inventory.ItemCombinerMenu
[08Nov2025 21:18:47.321] [main/DEBUG] [mixin/]: Mixing compat116plus.AnimalEntityMixin from pehkui.mixins.json into net.minecraft.world.entity.animal.Animal
[08Nov2025 21:18:47.322] [main/DEBUG] [mixin/]: Mixing compat1201minus.EntityVehicleHeightOffsetMixin from pehkui.mixins.json into net.minecraft.world.entity.animal.Animal
[08Nov2025 21:18:47.333] [main/DEBUG] [mixin/]: Mixing compat1201minus.compat120plus.SnifferEntityMixin from pehkui.mixins.json into net.minecraft.world.entity.animal.sniffer.Sniffer
[08Nov2025 21:18:47.890] [main/DEBUG] [mixin/]: Mixing MixinLightningBolt from architectury-common.mixins.json into net.minecraft.world.entity.LightningBolt
[08Nov2025 21:18:47.893] [main/DEBUG] [mixin/]: Mixing LightningBoltMixin from palladiumcore-common.mixins.json into net.minecraft.world.entity.LightningBolt
[08Nov2025 21:18:47.899] [main/WARN] [mixin/]: @Inject(@At("INVOKE_ASSIGN")) Shift.BY=1 on palladiumcore-common.mixins.json:LightningBoltMixin::handler$zbe000$tick exceeds the maximum allowed value: 0. Increase the value of maxShiftBy to suppress this warning.
[08Nov2025 21:18:48.009] [main/DEBUG] [net.minecraftforge.coremod.transformer.CoreModBaseTransformer/COREMOD]: Transforming net/minecraft/world/entity/animal/frog/Tadpole
[08Nov2025 21:18:48.074] [main/DEBUG] [mixin/]: Mixing tools.ArmorItemMixin from kubejs-common.mixins.json into net.minecraft.world.item.ArmorItem
[08Nov2025 21:18:48.081] [main/DEBUG] [mixin/]: Mixing tools.SwordItemMixin from kubejs-common.mixins.json into net.minecraft.world.item.SwordItem
[08Nov2025 21:18:48.084] [main/DEBUG] [mixin/]: Mixing tools.DiggerItemMixin from kubejs-common.mixins.json into net.minecraft.world.item.DiggerItem
[08Nov2025 21:18:48.093] [main/DEBUG] [net.minecraftforge.coremod.transformer.CoreModBaseTransformer/COREMOD]: Transforming net/minecraft/world/item/BucketItem
[08Nov2025 21:18:48.093] [main/DEBUG] [mixin/]: Mixing inject.MixinBucketItem from architectury-common.mixins.json into net.minecraft.world.item.BucketItem
[08Nov2025 21:18:48.110] [main/DEBUG] [mixin/]: Mixing compat116plus.SpawnEggItemMixin from pehkui.mixins.json into net.minecraft.world.item.SpawnEggItem
[08Nov2025 21:18:48.110] [main/DEBUG] [mixin/]: Renaming synthetic method lambda$pehkui$spawnBaby$0(Lnet/minecraft/world/entity/Mob;Lnet/minecraft/world/entity/Mob;)V to mdfca6ce$lambda$pehkui$spawnBaby$0$0 in pehkui.mixins.json:compat116plus.SpawnEggItemMixin
[08Nov2025 21:18:48.139] [main/DEBUG] [mixin/]: Mixing tools.TridentItemMixin from kubejs-common.mixins.json into net.minecraft.world.item.TridentItem
[08Nov2025 21:18:48.142] [main/DEBUG] [mixin/]: Mixing compat1204minus.CrossbowItemMixin from pehkui.mixins.json into net.minecraft.world.item.CrossbowItem
[08Nov2025 21:18:48.143] [main/DEBUG] [mixin/]: Mixing CrossbowItemMixin from palladium-common.mixins.json into net.minecraft.world.item.CrossbowItem
[08Nov2025 21:18:48.143] [main/DEBUG] [mixin/]: Renaming synthetic method lambda$shootProjectile$0(Lnet/minecraft/world/InteractionHand;Lnet/minecraft/world/entity/LivingEntity;)V to mdfca6ce$lambda$shootProjectile$0$0 in palladium-common.mixins.json:CrossbowItemMixin
[08Nov2025 21:18:48.176] [main/DEBUG] [mixin/]: Mixing compat1202minus.compat120plus.BrushItemMixin from pehkui.mixins.json into net.minecraft.world.item.BrushItem
[08Nov2025 21:18:48.187] [main/DEBUG] [mixin/]: Mixing inject.MixinItemProperties from architectury-common.mixins.json into net.minecraft.world.item.Item$Properties
[08Nov2025 21:18:48.219] [main/DEBUG] [mixin/]: Mixing PreEntityTickMixin from pehkui.mixins.json into net.minecraft.world.entity.vehicle.AbstractMinecart
[08Nov2025 21:18:48.258] [main/DEBUG] [mixin/]: Mixing AbstractDecorationEntityMixin from pehkui.mixins.json into net.minecraft.world.entity.decoration.HangingEntity
[08Nov2025 21:18:48.259] [main/DEBUG] [mixin/]: Mixing PreEntityTickMixin from pehkui.mixins.json into net.minecraft.world.entity.decoration.HangingEntity
[08Nov2025 21:18:48.587] [main/DEBUG] [mixin/]: Mixing compat116plus.NbtCompoundMixin from pehkui.mixins.json into net.minecraft.nbt.CompoundTag
[08Nov2025 21:18:48.594] [main/DEBUG] [mixin/]: Mixing StringTagMixin from rhino-common.mixins.json into net.minecraft.nbt.StringTag
[08Nov2025 21:18:49.176] [main/DEBUG] [mixin/]: Mixing AreaEffectCloudEntityMixin from pehkui.mixins.json into net.minecraft.world.entity.AreaEffectCloud
[08Nov2025 21:18:49.183] [main/DEBUG] [mixin/]: Mixing ArmorStandEntityMixin from pehkui.mixins.json into net.minecraft.world.entity.decoration.ArmorStand
[08Nov2025 21:18:49.184] [main/DEBUG] [mixin/]: Mixing compat1201minus.EntityVehicleHeightOffsetMixin from pehkui.mixins.json into net.minecraft.world.entity.decoration.ArmorStand
[08Nov2025 21:18:49.184] [main/DEBUG] [mixin/]: Mixing compat1204minus.ArmorStandEntityMixin from pehkui.mixins.json into net.minecraft.world.entity.decoration.ArmorStand
[08Nov2025 21:18:49.185] [main/DEBUG] [mixin/]: Mixing ArmorStandMixin from palladium-common.mixins.json into net.minecraft.world.entity.decoration.ArmorStand
[08Nov2025 21:18:49.198] [main/DEBUG] [mixin/]: Mixing compat1201minus.compat117plus.AxolotlEntityMixin from pehkui.mixins.json into net.minecraft.world.entity.animal.axolotl.Axolotl
[08Nov2025 21:18:49.226] [main/DEBUG] [mixin/]: Mixing TrackTargetGoalMixin from pehkui.mixins.json into net.minecraft.world.entity.ai.goal.target.TargetGoal
[08Nov2025 21:18:49.234] [main/DEBUG] [mixin/]: Mixing BlazeEntityShootFireballGoalMixin from pehkui.mixins.json into net.minecraft.world.entity.monster.Blaze$BlazeAttackGoal
[08Nov2025 21:18:49.245] [main/DEBUG] [mixin/]: Mixing BoatEntityMixin from pehkui.mixins.json into net.minecraft.world.entity.vehicle.Boat
[08Nov2025 21:18:49.247] [main/DEBUG] [mixin/]: Mixing compat1201minus.EntityMountedHeightOffsetMixin from pehkui.mixins.json into net.minecraft.world.entity.vehicle.Boat
[08Nov2025 21:18:49.247] [main/DEBUG] [mixin/]: Mixing compat1201minus.compat120plus.BoatEntityMixin from pehkui.mixins.json into net.minecraft.world.entity.vehicle.Boat
[08Nov2025 21:18:49.248] [main/DEBUG] [mixin/]: Mixing compat1204minus.BoatEntityMixin from pehkui.mixins.json into net.minecraft.world.entity.vehicle.Boat
[08Nov2025 21:18:49.263] [main/DEBUG] [mixin/]: Mixing compat1201minus.compat1193plus.CamelEntityMixin from pehkui.mixins.json into net.minecraft.world.entity.animal.camel.Camel
[08Nov2025 21:18:49.264] [main/DEBUG] [mixin/]: Mixing compat1201minus.compat120plus.CamelEntityMixin from pehkui.mixins.json into net.minecraft.world.entity.animal.camel.Camel
[08Nov2025 21:18:49.264] [main/DEBUG] [mixin/]: Mixing compat1204minus.compat1193plus.CamelEntityMixin from pehkui.mixins.json into net.minecraft.world.entity.animal.camel.Camel
[08Nov2025 21:18:49.275] [main/DEBUG] [mixin/]: Mixing compat1201minus.compat120plus.AbstractHorseEntityMixin from pehkui.mixins.json into net.minecraft.world.entity.animal.horse.AbstractHorse
[08Nov2025 21:18:49.303] [main/DEBUG] [net.minecraftforge.coremod.transformer.CoreModBaseTransformer/COREMOD]: Transforming net/minecraft/world/entity/monster/Spider
[08Nov2025 21:18:49.326] [main/DEBUG] [mixin/]: Mixing compat1201minus.EntityVehicleHeightOffsetMixin from pehkui.mixins.json into net.minecraft.world.entity.monster.AbstractSkeleton
[08Nov2025 21:18:49.337] [main/DEBUG] [mixin/]: Mixing compat119plus.ChestBoatEntityMixin from pehkui.mixins.json into net.minecraft.world.entity.vehicle.ChestBoat
[08Nov2025 21:18:49.337] [main/DEBUG] [mixin/]: Mixing reach.compat1204minus.compat119plus.ChestBoatEntityMixin from pehkui.mixins.json into net.minecraft.world.entity.vehicle.ChestBoat
[08Nov2025 21:18:49.344] [main/DEBUG] [mixin/]: Mixing reach.compat1204minus.compat119plus.StorageMinecartEntityMixin from pehkui.mixins.json into net.minecraft.world.entity.vehicle.AbstractMinecartContainer
[08Nov2025 21:18:49.355] [main/DEBUG] [mixin/]: Mixing compat1201minus.compat120plus.ChickenEntityMixin from pehkui.mixins.json into net.minecraft.world.entity.animal.Chicken
[08Nov2025 21:18:49.380] [main/DEBUG] [mixin/]: Mixing compat1201minus.AbstractDonkeyEntityMixin from pehkui.mixins.json into net.minecraft.world.entity.animal.horse.AbstractChestedHorse
[08Nov2025 21:18:49.386] [main/DEBUG] [mixin/]: Mixing compat116plus.DragonFireballEntityMixin from pehkui.mixins.json into net.minecraft.world.entity.projectile.DragonFireball
[08Nov2025 21:18:49.388] [main/DEBUG] [mixin/]: Mixing ExplosiveProjectileEntityMixin from pehkui.mixins.json into net.minecraft.world.entity.projectile.AbstractHurtingProjectile
[08Nov2025 21:18:49.394] [main/DEBUG] [net.minecraftforge.coremod.transformer.CoreModBaseTransformer/COREMOD]: Transforming net/minecraft/world/entity/monster/Zombie
[08Nov2025 21:18:49.526] [main/DEBUG] [mixin/]: Mixing compat1201minus.EntityVehicleHeightOffsetMixin from pehkui.mixins.json into net.minecraft.world.entity.monster.Zombie
[08Nov2025 21:18:49.545] [main/DEBUG] [net.minecraftforge.coremod.transformer.CoreModBaseTransformer/COREMOD]: Transforming net/minecraft/world/entity/monster/ZombieVillager
[08Nov2025 21:18:49.618] [main/DEBUG] [mixin/]: Mixing compat116plus.EggEntityMixin from pehkui.mixins.json into net.minecraft.world.entity.projectile.ThrownEgg
[08Nov2025 21:18:49.623] [main/DEBUG] [mixin/]: Mixing ThrownEntityMixin from pehkui.mixins.json into net.minecraft.world.entity.projectile.ThrowableProjectile
[08Nov2025 21:18:49.624] [main/DEBUG] [mixin/]: Mixing compat1204minus.ThrownEntityMixin from pehkui.mixins.json into net.minecraft.world.entity.projectile.ThrowableProjectile
[08Nov2025 21:18:49.635] [main/DEBUG] [mixin/]: Mixing PreEntityTickMixin from pehkui.mixins.json into net.minecraft.world.entity.boss.enderdragon.EndCrystal
[08Nov2025 21:18:49.635] [main/DEBUG] [mixin/]: Mixing compat1202minus.compat1193plus.EndCrystalEntityMixin from pehkui.mixins.json into net.minecraft.world.entity.boss.enderdragon.EndCrystal
[08Nov2025 21:18:49.640] [main/DEBUG] [mixin/]: Mixing EnderDragonEntityMixin from pehkui.mixins.json into net.minecraft.world.entity.boss.enderdragon.EnderDragon
[08Nov2025 21:18:49.653] [main/DEBUG] [mixin/]: Mixing compat116plus.EnderPearlEntityMixin from pehkui.mixins.json into net.minecraft.world.entity.projectile.ThrownEnderpearl
[08Nov2025 21:18:49.658] [main/DEBUG] [mixin/]: Mixing compat1201minus.EntityVehicleHeightOffsetMixin from pehkui.mixins.json into net.minecraft.world.entity.monster.Endermite
[08Nov2025 21:18:49.675] [main/DEBUG] [mixin/]: Mixing compat1201minus.EntityVehicleHeightOffsetMixin from pehkui.mixins.json into net.minecraft.world.entity.monster.PatrollingMonster
[08Nov2025 21:18:49.701] [main/DEBUG] [net.minecraftforge.coremod.transformer.CoreModBaseTransformer/COREMOD]: Transforming net/minecraft/world/entity/monster/Evoker$EvokerSummonSpellGoal
[08Nov2025 21:18:49.719] [main/DEBUG] [mixin/]: Mixing compat116plus.SummonVexGoalMixin from pehkui.mixins.json into net.minecraft.world.entity.monster.Evoker$EvokerSummonSpellGoal
[08Nov2025 21:18:49.731] [main/DEBUG] [mixin/]: Mixing EvokerFangsEntityMixin from pehkui.mixins.json into net.minecraft.world.entity.projectile.EvokerFangs
[08Nov2025 21:18:49.758] [main/DEBUG] [mixin/]: Mixing FireworkRocketEntityMixin from kubejs-common.mixins.json into net.minecraft.world.entity.projectile.FireworkRocketEntity
[08Nov2025 21:18:49.780] [main/DEBUG] [mixin/]: Mixing compat116plus.FoxEntityMateGoalMixin from pehkui.mixins.json into net.minecraft.world.entity.animal.Fox$FoxBreedGoal
[08Nov2025 21:18:49.810] [main/DEBUG] [mixin/]: Mixing GhastEntityShootFireballGoalMixin from pehkui.mixins.json into net.minecraft.world.entity.monster.Ghast$GhastShootFireballGoal
[08Nov2025 21:18:49.828] [main/DEBUG] [mixin/]: Mixing ItemFrameEntityMixin from kubejs-common.mixins.json into net.minecraft.world.entity.decoration.ItemFrame
[08Nov2025 21:18:49.828] [main/DEBUG] [mixin/]: Mixing ItemFrameEntityMixin from pehkui.mixins.json into net.minecraft.world.entity.decoration.ItemFrame
[08Nov2025 21:18:49.848] [main/DEBUG] [mixin/]: Mixing compat1201minus.compat116plus.HoglinEntityMixin from pehkui.mixins.json into net.minecraft.world.entity.monster.hoglin.Hoglin
[08Nov2025 21:18:49.855] [main/DEBUG] [mixin/]: Mixing compat1201minus.compat116plus.ZoglinEntityMixin from pehkui.mixins.json into net.minecraft.world.entity.monster.Zoglin
[08Nov2025 21:18:49.903] [main/DEBUG] [mixin/]: Mixing compat1193plus.FireballEntityMixin from pehkui.mixins.json into net.minecraft.world.entity.projectile.LargeFireball
[08Nov2025 21:18:49.913] [main/DEBUG] [mixin/]: Mixing compat1201minus.compat120plus.LlamaEntityMixin from pehkui.mixins.json into net.minecraft.world.entity.animal.horse.Llama
[08Nov2025 21:18:49.933] [main/DEBUG] [mixin/]: Mixing LlamaSpitEntityMixin from pehkui.mixins.json into net.minecraft.world.entity.projectile.LlamaSpit
[08Nov2025 21:18:49.940] [main/DEBUG] [mixin/]: Mixing compat117plus.SlimeEntityMixin from pehkui.mixins.json into net.minecraft.world.entity.monster.Slime
[08Nov2025 21:18:49.940] [main/DEBUG] [mixin/]: Mixing compat1204minus.compat117plus.SlimeEntityMixin from pehkui.mixins.json into net.minecraft.world.entity.monster.Slime
[08Nov2025 21:18:50.006] [main/DEBUG] [mixin/]: Mixing compat116plus.PigEntityMixin from pehkui.mixins.json into net.minecraft.world.entity.animal.Pig
[08Nov2025 21:18:50.063] [main/DEBUG] [mixin/]: Mixing PotionEntityMixin from pehkui.mixins.json into net.minecraft.world.entity.projectile.ThrownPotion
[08Nov2025 21:18:50.064] [main/DEBUG] [mixin/]: Mixing compat1204minus.PotionEntityMixin from pehkui.mixins.json into net.minecraft.world.entity.projectile.ThrownPotion
[08Nov2025 21:18:50.088] [main/DEBUG] [mixin/]: Mixing compat1201minus.EntityMountedHeightOffsetMixin from pehkui.mixins.json into net.minecraft.world.entity.monster.Ravager
[08Nov2025 21:18:50.099] [main/DEBUG] [mixin/]: Mixing CraftingContainerMixin from kubejs-common.mixins.json into net.minecraft.world.inventory.CraftingContainer
[08Nov2025 21:18:50.104] [main/DEBUG] [mixin/]: Mixing compat117plus.ShulkerEntityMixin from pehkui.mixins.json into net.minecraft.world.entity.monster.Shulker
[08Nov2025 21:18:50.105] [main/DEBUG] [mixin/]: Mixing compat1204minus.ShulkerEntityMixin from pehkui.mixins.json into net.minecraft.world.entity.monster.Shulker
[08Nov2025 21:18:50.120] [main/DEBUG] [mixin/]: Mixing compat1201minus.SkeletonHorseEntityMixin from pehkui.mixins.json into net.minecraft.world.entity.animal.horse.SkeletonHorse
[08Nov2025 21:18:50.125] [main/DEBUG] [net.minecraftforge.coremod.transformer.CoreModBaseTransformer/COREMOD]: Transforming net/minecraft/world/entity/animal/horse/SkeletonTrapGoal
[08Nov2025 21:18:50.162] [main/DEBUG] [net.minecraftforge.coremod.transformer.CoreModBaseTransformer/COREMOD]: Transforming net/minecraft/world/entity/monster/Strider
[08Nov2025 21:18:50.401] [main/DEBUG] [mixin/]: Mixing ServerPlayerMixin from kubejs-common.mixins.json into net.minecraft.server.level.ServerPlayer
[08Nov2025 21:18:50.404] [main/DEBUG] [mixin/]: Mixing ServerPlayerEntityMixin from pehkui.mixins.json into net.minecraft.server.level.ServerPlayer
[08Nov2025 21:18:50.466] [main/DEBUG] [net.minecraftforge.coremod.transformer.CoreModBaseTransformer/COREMOD]: Transforming net/minecraft/world/entity/npc/Villager
[08Nov2025 21:18:50.590] [main/DEBUG] [mixin/]: Mixing compat116plus.VillagerEntityMixin from pehkui.mixins.json into net.minecraft.world.entity.npc.Villager
[08Nov2025 21:18:50.638] [main/DEBUG] [mixin/]: Mixing compat116plus.FishingBobberEntityMixin from pehkui.mixins.json into net.minecraft.world.entity.projectile.FishingHook
[08Nov2025 21:18:50.744] [main/DEBUG] [mixin/]: Mixing IngredientMixin from kubejs-common.mixins.json into net.minecraft.world.item.crafting.Ingredient
[08Nov2025 21:18:50.755] [main/DEBUG] [mixin/]: Mixing inject.MixinFoodPropertiesBuilder from architectury-common.mixins.json into net.minecraft.world.food.FoodProperties$Builder
[08Nov2025 21:18:50.757] [main/DEBUG] [net.minecraftforge.coremod.transformer.CoreModBaseTransformer/COREMOD]: Transforming net/minecraft/world/effect/MobEffectInstance
[08Nov2025 21:18:50.822] [main/DEBUG] [mixin/]: Mixing ServerPlayNetworkHandlerMixin from pehkui.mixins.json into net.minecraft.server.network.ServerGamePacketListenerImpl
[08Nov2025 21:18:50.823] [main/DEBUG] [mixin/]: Mixing compat1204minus.ServerPlayNetworkHandlerMixin from pehkui.mixins.json into net.minecraft.server.network.ServerGamePacketListenerImpl
[08Nov2025 21:18:50.826] [main/DEBUG] [mixin/]: Mixing reach.compat1204minus.ServerPlayNetworkHandlerMixin from pehkui.mixins.json into net.minecraft.server.network.ServerGamePacketListenerImpl
[08Nov2025 21:18:50.826] [main/DEBUG] [mixin/]: Mixing reach.compat1204minus.compat119plus.ServerPlayNetworkHandlerMixin from pehkui.mixins.json into net.minecraft.server.network.ServerGamePacketListenerImpl
[08Nov2025 21:18:50.876] [main/DEBUG] [mixin/]: Mixing NumericTagMixin from rhino-common.mixins.json into net.minecraft.nbt.NumericTag
[08Nov2025 21:18:50.882] [main/DEBUG] [mixin/]: Mixing EntitySelectorOptionsInvoker from pehkui.mixins.json into net.minecraft.commands.arguments.selector.options.EntitySelectorOptions
[08Nov2025 21:18:50.882] [main/DEBUG] [mixin/]: Renaming @Invoker method callPutOption(Ljava/lang/String;Lnet/minecraft/commands/arguments/selector/options/EntitySelectorOptions$Modifier;Ljava/util/function/Predicate;Lnet/minecraft/network/chat/Component;)V to callPutOption_$md$fca6ce$0 in pehkui.mixins.json:EntitySelectorOptionsInvoker
[08Nov2025 21:18:50.883] [main/DEBUG] [mixin/]: Mixing EntitySelectorOptionsMixin from pehkui.mixins.json into net.minecraft.commands.arguments.selector.options.EntitySelectorOptions
[08Nov2025 21:18:50.885] [main/DEBUG] [mixin/]: Mixing EntitySelectorOptionsInvoker from palladium-common.mixins.json into net.minecraft.commands.arguments.selector.options.EntitySelectorOptions
[08Nov2025 21:18:50.885] [main/DEBUG] [mixin/]: Renaming @Invoker method callRegister(Ljava/lang/String;Lnet/minecraft/commands/arguments/selector/options/EntitySelectorOptions$Modifier;Ljava/util/function/Predicate;Lnet/minecraft/network/chat/Component;)V to callRegister_$md$fca6ce$1 in palladium-common.mixins.json:EntitySelectorOptionsInvoker
[08Nov2025 21:18:50.894] [main/DEBUG] [mixin/]: Mixing ServerScoreboardMixin from palladium-common.mixins.json into net.minecraft.server.ServerScoreboard
[08Nov2025 21:18:50.905] [main/DEBUG] [mixin/]: Mixing EntitySelectorReaderMixin from pehkui.mixins.json into net.minecraft.commands.arguments.selector.EntitySelectorParser
[08Nov2025 21:18:50.906] [main/DEBUG] [mixin/]: Renaming synthetic method lambda$pehkui$buildPredicate$1(Lvirtuoel/pehkui/api/ScaleType;Lnet/minecraft/world/entity/Entity;)Z to mdfca6ce$lambda$pehkui$buildPredicate$1$0 in pehkui.mixins.json:EntitySelectorReaderMixin
[08Nov2025 21:18:50.906] [main/DEBUG] [mixin/]: Renaming synthetic method lambda$pehkui$buildPredicate$0(Lvirtuoel/pehkui/api/ScaleType;Lnet/minecraft/world/entity/Entity;)Z to mdfca6ce$lambda$pehkui$buildPredicate$0$1 in pehkui.mixins.json:EntitySelectorReaderMixin
[08Nov2025 21:18:50.909] [main/DEBUG] [mixin/]: Mixing EntitySelectorParserMixin from palladium-common.mixins.json into net.minecraft.commands.arguments.selector.EntitySelectorParser
[08Nov2025 21:18:50.910] [main/DEBUG] [mixin/]: Renaming synthetic method lambda$finalizePredicates$0(Lnet/minecraft/world/entity/Entity;)Z to mdfca6ce$lambda$finalizePredicates$0$2 in palladium-common.mixins.json:EntitySelectorParserMixin
[08Nov2025 21:18:50.976] [main/DEBUG] [mixin/]: Mixing IItemHandlerMixin from kubejs-forge.mixins.json into net.minecraftforge.items.IItemHandler
[08Nov2025 21:18:50.995] [main/DEBUG] [mixin/]: Mixing compat1204minus.compat117plus.ViewerCountManagerMixin from pehkui.mixins.json into net.minecraft.world.level.block.entity.ContainerOpenersCounter
[08Nov2025 21:18:51.066] [main/DEBUG] [mixin/]: Mixing InventoryMixin from palladium-common.mixins.json into net.minecraft.world.entity.player.Inventory
[08Nov2025 21:18:51.074] [main/DEBUG] [mixin/]: Generating mapped inner class net/minecraft/world/inventory/AbstractContainerMenu$Anonymous$1d473394981b40779bc61e04d83c2307 (originally net/threetag/palladium/mixin/AbstractContainerMenuMixin$1)
[08Nov2025 21:18:51.086] [main/DEBUG] [mixin/]: Mixing RecipeMixin from kubejs-common.mixins.json into net.minecraft.world.item.crafting.Recipe
[08Nov2025 21:18:51.164] [main/DEBUG] [mixin/]: Mixing OperationArgumentTypeAccessor from pehkui.mixins.json into net.minecraft.commands.arguments.OperationArgument
[08Nov2025 21:18:51.165] [main/DEBUG] [mixin/]: Renaming @Accessor method getInvalidOperationException()Lcom/mojang/brigadier/exceptions/SimpleCommandExceptionType; to getInvalidOperationException_$md$fca6ce$0 in pehkui.mixins.json:OperationArgumentTypeAccessor
[08Nov2025 21:18:51.165] [main/DEBUG] [mixin/]: Renaming @Accessor method getDivisionZeroException()Lcom/mojang/brigadier/exceptions/SimpleCommandExceptionType; to getDivisionZeroException_$md$fca6ce$1 in pehkui.mixins.json:OperationArgumentTypeAccessor
[08Nov2025 21:18:51.369] [main/DEBUG] [mixin/]: Mixing OreFeatureMixin from palladium-common.mixins.json into net.minecraft.world.level.levelgen.feature.OreFeature
[08Nov2025 21:18:51.549] [main/DEBUG] [net.minecraftforge.coremod.transformer.CoreModBaseTransformer/COREMOD]: Transforming net/minecraft/world/level/levelgen/structure/Structure
[08Nov2025 21:18:51.612] [main/DEBUG] [net.minecraftforge.coremod.transformer.CoreModBaseTransformer/COREMOD]: Transforming net/minecraft/world/level/levelgen/structure/structures/OceanRuinPieces$OceanRuinPiece
[08Nov2025 21:18:51.669] [main/DEBUG] [net.minecraftforge.coremod.transformer.CoreModBaseTransformer/COREMOD]: Transforming net/minecraft/world/level/levelgen/structure/structures/SwampHutPiece
[08Nov2025 21:18:51.709] [main/DEBUG] [net.minecraftforge.coremod.transformer.CoreModBaseTransformer/COREMOD]: Transforming net/minecraft/world/level/levelgen/structure/structures/OceanMonumentPieces$OceanMonumentPiece
[08Nov2025 21:18:51.741] [main/DEBUG] [net.minecraftforge.coremod.transformer.CoreModBaseTransformer/COREMOD]: Transforming net/minecraft/world/level/levelgen/structure/structures/WoodlandMansionPieces$WoodlandMansionPiece
[08Nov2025 21:18:51.876] [main/DEBUG] [net.minecraftforge.coremod.transformer.CoreModBaseTransformer/COREMOD]: Transforming net/minecraft/world/level/biome/Biome
[08Nov2025 21:18:52.258] [main/DEBUG] [net.minecraftforge.common.ForgeI18n/CORE]: Loading I18N data entries: 6430
[08Nov2025 21:18:52.278] [main/DEBUG] [net.minecraftforge.fml.ModWorkManager/LOADING]: Using 2 threads for parallel mod-loading
[08Nov2025 21:18:52.285] [main/DEBUG] [net.minecraftforge.fml.javafmlmod.FMLJavaModLanguageProvider/LOADING]: Loading FMLModContainer from classloader cpw.mods.modlauncher.TransformingClassLoader@532e27ab - got cpw.mods.cl.ModuleClassLoader@d400943
[08Nov2025 21:18:52.285] [main/DEBUG] [net.minecraftforge.fml.javafmlmod.FMLModContainer/LOADING]: Creating FMLModContainer instance for dev.latvian.mods.rhino.mod.forge.RhinoModForge
[08Nov2025 21:18:52.290] [main/DEBUG] [net.minecraftforge.fml.javafmlmod.FMLJavaModLanguageProvider/LOADING]: Loading FMLModContainer from classloader cpw.mods.modlauncher.TransformingClassLoader@532e27ab - got cpw.mods.cl.ModuleClassLoader@d400943
[08Nov2025 21:18:52.290] [main/DEBUG] [net.minecraftforge.fml.javafmlmod.FMLModContainer/LOADING]: Creating FMLModContainer instance for software.bernie.example.GeckoLibMod
[08Nov2025 21:18:52.291] [main/DEBUG] [net.minecraftforge.fml.javafmlmod.FMLJavaModLanguageProvider/LOADING]: Loading FMLModContainer from classloader cpw.mods.modlauncher.TransformingClassLoader@532e27ab - got cpw.mods.cl.ModuleClassLoader@d400943
[08Nov2025 21:18:52.291] [main/DEBUG] [net.minecraftforge.fml.javafmlmod.FMLModContainer/LOADING]: Creating FMLModContainer instance for dev.architectury.forge.ArchitecturyForge
[08Nov2025 21:18:52.291] [main/DEBUG] [net.minecraftforge.fml.javafmlmod.FMLJavaModLanguageProvider/LOADING]: Loading FMLModContainer from classloader cpw.mods.modlauncher.TransformingClassLoader@532e27ab - got cpw.mods.cl.ModuleClassLoader@d400943
[08Nov2025 21:18:52.292] [main/DEBUG] [net.minecraftforge.fml.javafmlmod.FMLModContainer/LOADING]: Creating FMLModContainer instance for dev.latvian.mods.kubejs.forge.KubeJSForge
[08Nov2025 21:18:52.293] [main/DEBUG] [net.minecraftforge.fml.javafmlmod.FMLJavaModLanguageProvider/LOADING]: Loading FMLModContainer from classloader cpw.mods.modlauncher.TransformingClassLoader@532e27ab - got cpw.mods.cl.ModuleClassLoader@d400943
[08Nov2025 21:18:52.293] [main/DEBUG] [net.minecraftforge.fml.javafmlmod.FMLModContainer/LOADING]: Creating FMLModContainer instance for dev.kosmx.playerAnim.forge.ForgeModInterface
[08Nov2025 21:18:52.293] [main/DEBUG] [net.minecraftforge.fml.javafmlmod.FMLJavaModLanguageProvider/LOADING]: Loading FMLModContainer from classloader cpw.mods.modlauncher.TransformingClassLoader@532e27ab - got cpw.mods.cl.ModuleClassLoader@d400943
[08Nov2025 21:18:52.293] [main/DEBUG] [net.minecraftforge.fml.javafmlmod.FMLModContainer/LOADING]: Creating FMLModContainer instance for net.threetag.palladiumcore.forge.PalladiumCoreForge
[08Nov2025 21:18:52.294] [main/DEBUG] [net.minecraftforge.fml.javafmlmod.FMLJavaModLanguageProvider/LOADING]: Loading FMLModContainer from classloader cpw.mods.modlauncher.TransformingClassLoader@532e27ab - got cpw.mods.cl.ModuleClassLoader@d400943
[08Nov2025 21:18:52.294] [main/DEBUG] [net.minecraftforge.fml.javafmlmod.FMLModContainer/LOADING]: Creating FMLModContainer instance for virtuoel.pehkui.Pehkui
[08Nov2025 21:18:52.295] [main/DEBUG] [net.minecraftforge.fml.javafmlmod.FMLJavaModLanguageProvider/LOADING]: Loading FMLModContainer from classloader cpw.mods.modlauncher.TransformingClassLoader@532e27ab - got cpw.mods.cl.ModuleClassLoader@d400943
[08Nov2025 21:18:52.296] [main/DEBUG] [net.minecraftforge.fml.javafmlmod.FMLModContainer/LOADING]: Creating FMLModContainer instance for net.habb.alienevo.forge.AlienEvoForge
[08Nov2025 21:18:52.296] [main/DEBUG] [net.minecraftforge.fml.javafmlmod.FMLJavaModLanguageProvider/LOADING]: Loading FMLModContainer from classloader cpw.mods.modlauncher.TransformingClassLoader@532e27ab - got cpw.mods.cl.ModuleClassLoader@d400943
[08Nov2025 21:18:52.296] [main/DEBUG] [net.minecraftforge.fml.javafmlmod.FMLModContainer/LOADING]: Creating FMLModContainer instance for net.minecraftforge.common.ForgeMod
[08Nov2025 21:18:52.299] [main/DEBUG] [net.minecraftforge.fml.javafmlmod.FMLJavaModLanguageProvider/LOADING]: Loading FMLModContainer from classloader cpw.mods.modlauncher.TransformingClassLoader@532e27ab - got cpw.mods.cl.ModuleClassLoader@d400943
[08Nov2025 21:18:52.299] [main/DEBUG] [net.minecraftforge.fml.javafmlmod.FMLModContainer/LOADING]: Creating FMLModContainer instance for net.threetag.palladium.forge.PalladiumForge
[08Nov2025 21:18:52.325] [modloading-worker-0/DEBUG] [net.minecraftforge.fml.javafmlmod.AutomaticEventSubscriber/LOADING]: Attempting to inject @EventBusSubscriber classes into the eventbus for rhino
[08Nov2025 21:18:52.400] [modloading-worker-0/DEBUG] [mixin/]: Mixing MixinLevelEvent from architectury.mixins.json into net.minecraftforge.event.level.LevelEvent
[08Nov2025 21:18:52.418] [modloading-worker-0/DEBUG] [net.minecraftforge.fml.javafmlmod.AutomaticEventSubscriber/LOADING]: Attempting to inject @EventBusSubscriber classes into the eventbus for geckolib
[08Nov2025 21:18:52.423] [modloading-worker-0/DEBUG] [net.minecraftforge.fml.javafmlmod.AutomaticEventSubscriber/LOADING]: Auto-subscribing software.bernie.example.GeckoLibMod to FORGE
[08Nov2025 21:18:52.425] [modloading-worker-0/DEBUG] [net.minecraftforge.fml.javafmlmod.AutomaticEventSubscriber/LOADING]: Auto-subscribing software.bernie.example.CommonListener to MOD
[08Nov2025 21:18:52.432] [modloading-worker-0/DEBUG] [mixin/]: Mixing DamageSourceMixin from kubejs-common.mixins.json into net.minecraft.world.damagesource.DamageSource
[08Nov2025 21:18:52.473] [modloading-worker-0/DEBUG] [mixin/]: Mixing compat1202minus.compat116plus.ExplosionMixin from pehkui.mixins.json into net.minecraft.world.level.Explosion
[08Nov2025 21:18:52.479] [modloading-worker-0/DEBUG] [mixin/]: Mixing ScriptManagerMixin from palladium-common.mixins.json into dev.latvian.mods.kubejs.script.ScriptManager
[08Nov2025 21:18:52.481] [modloading-worker-0/DEBUG] [mixin/]: Renaming synthetic method lambda$loadFromDirectory$2(Ljava/util/Map;Ljava/lang/String;Lnet/minecraft/server/packs/repository/Pack;Lnet/minecraft/server/packs/PackType;Lnet/minecraft/resources/ResourceLocation;Lnet/minecraft/server/packs/resources/IoSupplier;)V to mdfca6ce$lambda$loadFromDirectory$2$0 in palladium-common.mixins.json:ScriptManagerMixin
[08Nov2025 21:18:52.481] [modloading-worker-0/DEBUG] [mixin/]: Renaming synthetic method lambda$loadFromDirectory$1(Lnet/minecraft/server/packs/repository/Pack;Lnet/minecraft/server/packs/PackType;Lnet/minecraft/resources/ResourceLocation;)Ljava/io/InputStream; to mdfca6ce$lambda$loadFromDirectory$1$1 in palladium-common.mixins.json:ScriptManagerMixin
[08Nov2025 21:18:52.481] [modloading-worker-0/DEBUG] [mixin/]: Renaming synthetic method lambda$loadFromDirectory$0(Ljava/lang/String;)Lcom/mojang/datafixers/util/Pair; to mdfca6ce$lambda$loadFromDirectory$0$2 in palladium-common.mixins.json:ScriptManagerMixin
[08Nov2025 21:18:52.526] [modloading-worker-0/INFO] [KubeJS/]: Loaded common.properties
[08Nov2025 21:18:52.529] [modloading-worker-0/DEBUG] [net.minecraftforge.fml.javafmlmod.AutomaticEventSubscriber/LOADING]: Attempting to inject @EventBusSubscriber classes into the eventbus for architectury
[08Nov2025 21:18:52.531] [modloading-worker-0/DEBUG] [net.minecraftforge.fml.javafmlmod.AutomaticEventSubscriber/LOADING]: Auto-subscribing dev.architectury.registry.level.entity.trade.forge.TradeRegistryImpl to FORGE
[08Nov2025 21:18:52.530] [modloading-worker-0/INFO] [KubeJS/]: Loaded dev.properties
[08Nov2025 21:18:52.536] [modloading-worker-0/DEBUG] [net.minecraftforge.fml.javafmlmod.AutomaticEventSubscriber/LOADING]: Auto-subscribing dev.architectury.registry.forge.ReloadListenerRegistryImpl to FORGE
[08Nov2025 21:18:52.539] [modloading-worker-0/DEBUG] [mixin/]: Mixing PackTypeMixin from palladium-common.mixins.json into net.minecraft.server.packs.PackType
[08Nov2025 21:18:52.540] [modloading-worker-0/DEBUG] [mixin/]: Renaming @Invoker method create(Ljava/lang/String;ILjava/lang/String;)Lnet/minecraft/server/packs/PackType; to create_$md$fca6ce$0 in palladium-common.mixins.json:PackTypeMixin
[08Nov2025 21:18:52.554] [modloading-worker-0/DEBUG] [mixin/]: Mixing ReloadableServerResourcesMixin from kubejs-common.mixins.json into net.minecraft.server.ReloadableServerResources
[08Nov2025 21:18:52.555] [modloading-worker-0/DEBUG] [mixin/]: Mixing ReloadableServerResourcesMixin from palladium-common.mixins.json into net.minecraft.server.ReloadableServerResources
[08Nov2025 21:18:52.556] [modloading-worker-0/INFO] [KubeJS/]: Looking for KubeJS plugins...
[08Nov2025 21:18:52.573] [modloading-worker-0/DEBUG] [net.minecraftforge.fml.javafmlmod.AutomaticEventSubscriber/LOADING]: Auto-subscribing dev.architectury.networking.forge.NetworkManagerImpl to FORGE
[08Nov2025 21:18:52.571] [modloading-worker-0/INFO] [KubeJS/]: Found plugin source kubejs
[08Nov2025 21:18:52.583] [modloading-worker-0/INFO] [dev.architectury.networking.forge.NetworkManagerImpl/]: Registering C2S receiver with id architectury:sync_ids
[08Nov2025 21:18:52.588] [modloading-worker-0/DEBUG] [net.minecraftforge.fml.javafmlmod.AutomaticEventSubscriber/LOADING]: Attempting to inject @EventBusSubscriber classes into the eventbus for playeranimator
[08Nov2025 21:18:52.588] [modloading-worker-0/WARN] [KubeJS/]: Plugin dev.latvian.mods.kubejs.forge.BuiltinKubeJSForgeClientPlugin does not load on server side, skipping
[08Nov2025 21:18:52.594] [modloading-worker-0/WARN] [KubeJS/]: Plugin dev.latvian.mods.kubejs.integration.forge.gamestages.GameStagesIntegration does not have required mod gamestages loaded, skipping
[08Nov2025 21:18:52.596] [modloading-worker-0/INFO] [KubeJS/]: Found plugin source palladium
[08Nov2025 21:18:52.611] [modloading-worker-0/DEBUG] [mixin/]: Mixing PlayerListMixin from kubejs-common.mixins.json into net.minecraft.server.players.PlayerList
[08Nov2025 21:18:52.611] [modloading-worker-0/DEBUG] [mixin/]: Mixing compat1201minus.PlayerManagerMixin from pehkui.mixins.json into net.minecraft.server.players.PlayerList
[08Nov2025 21:18:52.613] [modloading-worker-0/DEBUG] [mixin/]: Mixing PlayerListMixin from palladium-common.mixins.json into net.minecraft.server.players.PlayerList
[08Nov2025 21:18:52.648] [modloading-worker-0/DEBUG] [net.minecraftforge.fml.javafmlmod.AutomaticEventSubscriber/LOADING]: Attempting to inject @EventBusSubscriber classes into the eventbus for palladiumcore
[08Nov2025 21:18:52.651] [modloading-worker-0/DEBUG] [net.minecraftforge.fml.javafmlmod.AutomaticEventSubscriber/LOADING]: Auto-subscribing net.threetag.palladiumcore.registry.forge.VillagerTradeRegistryImpl to FORGE
[08Nov2025 21:18:52.653] [modloading-worker-0/DEBUG] [net.minecraftforge.fml.javafmlmod.AutomaticEventSubscriber/LOADING]: Auto-subscribing net.threetag.palladiumcore.registry.forge.ReloadListenerRegistryImpl to FORGE
[08Nov2025 21:18:52.653] [modloading-worker-0/DEBUG] [net.minecraftforge.fml.javafmlmod.AutomaticEventSubscriber/LOADING]: Auto-subscribing net.threetag.palladiumcore.registry.forge.EntityAttributeRegistryImpl to MOD
[08Nov2025 21:18:52.662] [modloading-worker-0/DEBUG] [net.minecraftforge.fml.javafmlmod.AutomaticEventSubscriber/LOADING]: Auto-subscribing net.threetag.palladiumcore.registry.forge.CreativeModeTabRegistryImpl to MOD
[08Nov2025 21:18:52.663] [modloading-worker-0/DEBUG] [net.minecraftforge.fml.javafmlmod.AutomaticEventSubscriber/LOADING]: Auto-subscribing net.threetag.palladiumcore.forge.PalladiumCoreForge to MOD
[08Nov2025 21:18:52.666] [modloading-worker-0/DEBUG] [net.minecraftforge.fml.javafmlmod.AutomaticEventSubscriber/LOADING]: Auto-subscribing net.threetag.palladiumcore.event.forge.PalladiumCoreEventHandler to FORGE
[08Nov2025 21:18:52.704] [modloading-worker-0/DEBUG] [mixin/]: Mixing EntitySelectorMixin from pehkui.mixins.json into net.minecraft.commands.arguments.selector.EntitySelector
[08Nov2025 21:18:52.712] [modloading-worker-0/DEBUG] [mixin/]: Mixing pehkui.compat.ScaleTypeMixin from pehkui.mixins.json into virtuoel.pehkui.api.ScaleType
[08Nov2025 21:18:52.744] [modloading-worker-0/INFO] [KubeJS/]: Done in 185.3 ms
[08Nov2025 21:18:52.810] [modloading-worker-0/DEBUG] [mixin/]: Mixing CropBlockMixin from kubejs-forge.mixins.json into dev.latvian.mods.kubejs.block.custom.BasicCropBlockJS
[08Nov2025 21:18:52.848] [modloading-worker-0/DEBUG] [net.minecraftforge.fml.config.ConfigTracker/CONFIG]: Config file pehkui-client.toml for pehkui tracking
[08Nov2025 21:18:52.849] [modloading-worker-0/DEBUG] [net.minecraftforge.fml.config.ConfigTracker/CONFIG]: Config file pehkui-server.toml for pehkui tracking
[08Nov2025 21:18:52.849] [modloading-worker-0/DEBUG] [net.minecraftforge.fml.config.ConfigTracker/CONFIG]: Config file pehkui-common.toml for pehkui tracking
[08Nov2025 21:18:52.886] [modloading-worker-0/DEBUG] [net.minecraftforge.fml.javafmlmod.AutomaticEventSubscriber/LOADING]: Attempting to inject @EventBusSubscriber classes into the eventbus for pehkui
[08Nov2025 21:18:52.905] [modloading-worker-0/DEBUG] [mixin/]: Mixing EventHandlerBridgeMixin from kubejs-common.mixins.json into dev.latvian.mods.kubejs.event.EventHandler
[08Nov2025 21:18:52.918] [modloading-worker-0/DEBUG] [mixin/]: Mixing EventHandlerInvoker from kubejs-common.mixins.json into dev.latvian.mods.kubejs.event.EventHandler
[08Nov2025 21:18:52.957] [modloading-worker-0/DEBUG] [net.minecraftforge.fml.javafmlmod.AutomaticEventSubscriber/LOADING]: Attempting to inject @EventBusSubscriber classes into the eventbus for alienevo
[08Nov2025 21:18:52.960] [modloading-worker-0/DEBUG] [net.minecraftforge.fml.javafmlmod.AutomaticEventSubscriber/LOADING]: Auto-subscribing net.habb.alienevo.forge.AlienEvoForge to MOD
[08Nov2025 21:18:52.958] [modloading-worker-0/DEBUG] [mixin/]: Mixing ExtendedEntitySpawnDataMixin from palladiumcore.mixins.json into net.threetag.palladiumcore.network.ExtendedEntitySpawnData
[08Nov2025 21:18:52.986] [modloading-worker-0/DEBUG] [net.minecraftforge.versions.forge.ForgeVersion/CORE]: Forge Version package package net.minecraftforge.versions.forge, Forge, version 47.3 from cpw.mods.modlauncher.TransformingClassLoader@532e27ab
[08Nov2025 21:18:52.987] [modloading-worker-0/DEBUG] [net.minecraftforge.versions.forge.ForgeVersion/CORE]: Found Forge version 47.3.7
[08Nov2025 21:18:52.987] [modloading-worker-0/DEBUG] [net.minecraftforge.versions.forge.ForgeVersion/CORE]: Found Forge spec 47.3
[08Nov2025 21:18:52.987] [modloading-worker-0/DEBUG] [net.minecraftforge.versions.forge.ForgeVersion/CORE]: Found Forge group net.minecraftforge
[08Nov2025 21:18:52.987] [modloading-worker-0/INFO] [net.minecraftforge.common.ForgeMod/FORGEMOD]: Forge mod loading, version 47.3.7, for MC 1.20.1 with MCP 20230612.114412
[08Nov2025 21:18:52.989] [modloading-worker-0/INFO] [net.minecraftforge.common.MinecraftForge/FORGE]: MinecraftForge v47.3.7 Initialized
[08Nov2025 21:18:53.043] [modloading-worker-0/DEBUG] [mixin/]: Mixing ScriptFileInfoMixin from palladium-common.mixins.json into dev.latvian.mods.kubejs.script.ScriptFileInfo
[08Nov2025 21:18:53.056] [modloading-worker-0/DEBUG] [mixin/]: Mixing ReloadableResourceManagerMixin from palladium-common.mixins.json into net.minecraft.server.packs.resources.ReloadableResourceManager
[08Nov2025 21:18:53.066] [modloading-worker-0/DEBUG] [io.netty.util.internal.PlatformDependent0/]: -Dio.netty.noUnsafe: false
[08Nov2025 21:18:53.066] [modloading-worker-0/DEBUG] [io.netty.util.internal.PlatformDependent0/]: Java version: 17
[08Nov2025 21:18:53.068] [modloading-worker-0/DEBUG] [io.netty.util.internal.PlatformDependent0/]: sun.misc.Unsafe.theUnsafe: available
[08Nov2025 21:18:53.069] [modloading-worker-0/DEBUG] [io.netty.util.internal.PlatformDependent0/]: sun.misc.Unsafe.copyMemory: available
[08Nov2025 21:18:53.069] [modloading-worker-0/DEBUG] [io.netty.util.internal.PlatformDependent0/]: sun.misc.Unsafe.storeFence: available
[08Nov2025 21:18:53.071] [modloading-worker-0/DEBUG] [io.netty.util.internal.PlatformDependent0/]: java.nio.Buffer.address: available
[08Nov2025 21:18:53.071] [modloading-worker-0/DEBUG] [io.netty.util.internal.PlatformDependent0/]: direct buffer constructor: unavailable
java.lang.UnsupportedOperationException: Reflective setAccessible(true) disabled
	at io.netty.util.internal.ReflectionUtil.trySetAccessible(ReflectionUtil.java:31) ~[netty-common-4.1.82.Final.jar%2382!/:4.1.82.Final]
	at io.netty.util.internal.PlatformDependent0$5.run(PlatformDependent0.java:288) ~[netty-common-4.1.82.Final.jar%2382!/:4.1.82.Final]
	at java.security.AccessController.doPrivileged(AccessController.java:318) ~[?:?]
	at io.netty.util.internal.PlatformDependent0.<clinit>(PlatformDependent0.java:282) ~[netty-common-4.1.82.Final.jar%2382!/:4.1.82.Final]
	at io.netty.util.internal.PlatformDependent.isAndroid(PlatformDependent.java:333) ~[netty-common-4.1.82.Final.jar%2382!/:4.1.82.Final]
	at io.netty.util.internal.PlatformDependent.<clinit>(PlatformDependent.java:88) ~[netty-common-4.1.82.Final.jar%2382!/:4.1.82.Final]
	at io.netty.util.ConstantPool.<init>(ConstantPool.java:34) ~[netty-common-4.1.82.Final.jar%2382!/:4.1.82.Final]
	at io.netty.util.AttributeKey$1.<init>(AttributeKey.java:27) ~[netty-common-4.1.82.Final.jar%2382!/:4.1.82.Final]
	at io.netty.util.AttributeKey.<clinit>(AttributeKey.java:27) ~[netty-common-4.1.82.Final.jar%2382!/:4.1.82.Final]
	at net.minecraftforge.network.NetworkConstants.<clinit>(NetworkConstants.java:34) ~[forge-1.20.1-47.3.7-universal.jar%23120!/:?]
	at net.minecraftforge.common.ForgeMod.<init>(ForgeMod.java:429) ~[forge-1.20.1-47.3.7-universal.jar%23120!/:?]
	at jdk.internal.reflect.NativeConstructorAccessorImpl.newInstance0(Native Method) ~[?:?]
	at jdk.internal.reflect.NativeConstructorAccessorImpl.newInstance(NativeConstructorAccessorImpl.java:77) ~[?:?]
	at jdk.internal.reflect.DelegatingConstructorAccessorImpl.newInstance(DelegatingConstructorAccessorImpl.java:45) ~[?:?]
	at java.lang.reflect.Constructor.newInstanceWithCaller(Constructor.java:500) ~[?:?]
	at java.lang.reflect.Constructor.newInstance(Constructor.java:481) ~[?:?]
	at net.minecraftforge.fml.javafmlmod.FMLModContainer.constructMod(FMLModContainer.java:70) ~[javafmllanguage-1.20.1-47.3.7.jar%23117!/:?]
	at net.minecraftforge.fml.ModContainer.lambda$buildTransitionHandler$4(ModContainer.java:124) ~[fmlcore-1.20.1-47.3.7.jar%23116!/:?]
	at java.util.concurrent.CompletableFuture$AsyncRun.run(CompletableFuture.java:1804) ~[?:?]
	at java.util.concurrent.CompletableFuture$AsyncRun.exec(CompletableFuture.java:1796) ~[?:?]
	at java.util.concurrent.ForkJoinTask.doExec(ForkJoinTask.java:373) ~[?:?]
	at java.util.concurrent.ForkJoinPool$WorkQueue.topLevelExec(ForkJoinPool.java:1182) ~[?:?]
	at java.util.concurrent.ForkJoinPool.scan(ForkJoinPool.java:1655) ~[?:?]
	at java.util.concurrent.ForkJoinPool.runWorker(ForkJoinPool.java:1622) ~[?:?]
	at java.util.concurrent.ForkJoinWorkerThread.run(ForkJoinWorkerThread.java:165) ~[?:?]
[08Nov2025 21:18:53.075] [modloading-worker-0/DEBUG] [io.netty.util.internal.PlatformDependent0/]: java.nio.Bits.unaligned: available, true
[08Nov2025 21:18:53.076] [modloading-worker-0/DEBUG] [io.netty.util.internal.PlatformDependent0/]: jdk.internal.misc.Unsafe.allocateUninitializedArray(int): unavailable
java.lang.IllegalAccessException: class io.netty.util.internal.PlatformDependent0$7 (in module io.netty.common) cannot access class jdk.internal.misc.Unsafe (in module java.base) because module java.base does not export jdk.internal.misc to module io.netty.common
	at jdk.internal.reflect.Reflection.newIllegalAccessException(Reflection.java:392) ~[?:?]
	at java.lang.reflect.AccessibleObject.checkAccess(AccessibleObject.java:674) ~[?:?]
	at java.lang.reflect.Method.invoke(Method.java:561) ~[?:?]
	at io.netty.util.internal.PlatformDependent0$7.run(PlatformDependent0.java:410) ~[netty-common-4.1.82.Final.jar%2382!/:4.1.82.Final]
	at java.security.AccessController.doPrivileged(AccessController.java:318) ~[?:?]
	at io.netty.util.internal.PlatformDependent0.<clinit>(PlatformDependent0.java:401) ~[netty-common-4.1.82.Final.jar%2382!/:4.1.82.Final]
	at io.netty.util.internal.PlatformDependent.isAndroid(PlatformDependent.java:333) ~[netty-common-4.1.82.Final.jar%2382!/:4.1.82.Final]
	at io.netty.util.internal.PlatformDependent.<clinit>(PlatformDependent.java:88) ~[netty-common-4.1.82.Final.jar%2382!/:4.1.82.Final]
	at io.netty.util.ConstantPool.<init>(ConstantPool.java:34) ~[netty-common-4.1.82.Final.jar%2382!/:4.1.82.Final]
	at io.netty.util.AttributeKey$1.<init>(AttributeKey.java:27) ~[netty-common-4.1.82.Final.jar%2382!/:4.1.82.Final]
	at io.netty.util.AttributeKey.<clinit>(AttributeKey.java:27) ~[netty-common-4.1.82.Final.jar%2382!/:4.1.82.Final]
	at net.minecraftforge.network.NetworkConstants.<clinit>(NetworkConstants.java:34) ~[forge-1.20.1-47.3.7-universal.jar%23120!/:?]
	at net.minecraftforge.common.ForgeMod.<init>(ForgeMod.java:429) ~[forge-1.20.1-47.3.7-universal.jar%23120!/:?]
	at jdk.internal.reflect.NativeConstructorAccessorImpl.newInstance0(Native Method) ~[?:?]
	at jdk.internal.reflect.NativeConstructorAccessorImpl.newInstance(NativeConstructorAccessorImpl.java:77) ~[?:?]
	at jdk.internal.reflect.DelegatingConstructorAccessorImpl.newInstance(DelegatingConstructorAccessorImpl.java:45) ~[?:?]
	at java.lang.reflect.Constructor.newInstanceWithCaller(Constructor.java:500) ~[?:?]
	at java.lang.reflect.Constructor.newInstance(Constructor.java:481) ~[?:?]
	at net.minecraftforge.fml.javafmlmod.FMLModContainer.constructMod(FMLModContainer.java:70) ~[javafmllanguage-1.20.1-47.3.7.jar%23117!/:?]
	at net.minecraftforge.fml.ModContainer.lambda$buildTransitionHandler$4(ModContainer.java:124) ~[fmlcore-1.20.1-47.3.7.jar%23116!/:?]
	at java.util.concurrent.CompletableFuture$AsyncRun.run(CompletableFuture.java:1804) ~[?:?]
	at java.util.concurrent.CompletableFuture$AsyncRun.exec(CompletableFuture.java:1796) ~[?:?]
	at java.util.concurrent.ForkJoinTask.doExec(ForkJoinTask.java:373) ~[?:?]
	at java.util.concurrent.ForkJoinPool$WorkQueue.topLevelExec(ForkJoinPool.java:1182) ~[?:?]
	at java.util.concurrent.ForkJoinPool.scan(ForkJoinPool.java:1655) ~[?:?]
	at java.util.concurrent.ForkJoinPool.runWorker(ForkJoinPool.java:1622) ~[?:?]
	at java.util.concurrent.ForkJoinWorkerThread.run(ForkJoinWorkerThread.java:165) ~[?:?]
[08Nov2025 21:18:53.077] [modloading-worker-0/DEBUG] [io.netty.util.internal.PlatformDependent0/]: java.nio.DirectByteBuffer.<init>(long, int): unavailable
[08Nov2025 21:18:53.080] [modloading-worker-0/DEBUG] [io.netty.util.internal.PlatformDependent/]: sun.misc.Unsafe: available
[08Nov2025 21:18:53.080] [modloading-worker-0/DEBUG] [io.netty.util.internal.PlatformDependent/]: maxDirectMemory: 8589934592 bytes (maybe)
[08Nov2025 21:18:53.081] [modloading-worker-0/DEBUG] [io.netty.util.internal.PlatformDependent/]: -Dio.netty.tmpdir: /tmp (java.io.tmpdir)
[08Nov2025 21:18:53.081] [modloading-worker-0/DEBUG] [io.netty.util.internal.PlatformDependent/]: -Dio.netty.bitMode: 64 (sun.arch.data.model)
[08Nov2025 21:18:53.081] [modloading-worker-0/DEBUG] [io.netty.util.internal.PlatformDependent/]: -Dio.netty.maxDirectMemory: -1 bytes
[08Nov2025 21:18:53.082] [modloading-worker-0/DEBUG] [io.netty.util.internal.PlatformDependent/]: -Dio.netty.uninitializedArrayAllocationThreshold: -1
[08Nov2025 21:18:53.083] [modloading-worker-0/DEBUG] [io.netty.util.internal.CleanerJava9/]: java.nio.ByteBuffer.cleaner(): available
[08Nov2025 21:18:53.084] [modloading-worker-0/DEBUG] [io.netty.util.internal.PlatformDependent/]: -Dio.netty.noPreferDirect: false
[08Nov2025 21:18:53.134] [modloading-worker-0/DEBUG] [net.minecraftforge.common.ForgeMod/FORGEMOD]: Loading Network data for FML net version: FML3
[08Nov2025 21:18:53.145] [modloading-worker-0/DEBUG] [mixin/]: Mixing PathPackResourcesAccessor from palladium.mixins.json into net.minecraftforge.resource.PathPackResources
[08Nov2025 21:18:53.166] [modloading-worker-0/DEBUG] [net.minecraftforge.fml.config.ConfigTracker/CONFIG]: Config file forge-client.toml for forge tracking
[08Nov2025 21:18:53.168] [modloading-worker-0/DEBUG] [net.minecraftforge.fml.config.ConfigTracker/CONFIG]: Config file forge-server.toml for forge tracking
[08Nov2025 21:18:53.168] [modloading-worker-0/DEBUG] [net.minecraftforge.fml.ModLoadingContext/]: Attempted to register an empty config for type COMMON on mod forge
[08Nov2025 21:18:53.176] [modloading-worker-0/ERROR] [net.minecraft.server.packs.AbstractPackResources/]: Couldn't load pack metadata
com.google.gson.JsonSyntaxException: Missing pack_format, expected to find a Int
	at net.minecraft.util.GsonHelper.m_13927_(GsonHelper.java:277) ~[server-1.20.1-20230612.114412-srg.jar%23115!/:?]
	at net.minecraft.server.packs.metadata.pack.PackMetadataSectionSerializer.m_6322_(PackMetadataSectionSerializer.java:15) ~[server-1.20.1-20230612.114412-srg.jar%23115!/:?]
	at net.minecraft.server.packs.metadata.pack.PackMetadataSectionSerializer.m_6322_(PackMetadataSectionSerializer.java:9) ~[server-1.20.1-20230612.114412-srg.jar%23115!/:?]
	at net.minecraft.server.packs.AbstractPackResources.m_10214_(AbstractPackResources.java:52) ~[server-1.20.1-20230612.114412-srg.jar%23115!/:?]
	at net.minecraft.server.packs.AbstractPackResources.m_5550_(AbstractPackResources.java:33) ~[server-1.20.1-20230612.114412-srg.jar%23115!/:?]
	at net.minecraft.server.packs.repository.Pack.m_246334_(Pack.java:60) ~[server-1.20.1-20230612.114412-srg.jar%23115!/:?]
	at net.minecraft.server.packs.repository.Pack.m_245429_(Pack.java:35) ~[server-1.20.1-20230612.114412-srg.jar%23115!/:?]
	at net.threetag.palladium.addonpack.forge.AddonPackManagerImpl$ModPackSource.m_7686_(AddonPackManagerImpl.java:49) ~[palladium-4.2.9+1.20.1-forge.jar%23111!/:4.2.9+1.20.1]
	at net.minecraft.server.packs.repository.PackRepository.m_10526_(PackRepository.java:39) ~[server-1.20.1-20230612.114412-srg.jar%23115!/:?]
	at net.minecraft.server.packs.repository.PackRepository.m_10506_(PackRepository.java:31) ~[server-1.20.1-20230612.114412-srg.jar%23115!/:?]
	at dev.latvian.mods.kubejs.script.ScriptManager.handler$zin000$loadFromDirectory(ScriptManager.java:537) ~[kubejs-forge-2001.6.5-build.16.jar%23110!/:2001.6.5-build.16]
	at dev.latvian.mods.kubejs.script.ScriptManager.loadFromDirectory(ScriptManager.java:150) ~[kubejs-forge-2001.6.5-build.16.jar%23110!/:2001.6.5-build.16]
	at dev.latvian.mods.kubejs.script.ScriptManager.reload(ScriptManager.java:72) ~[kubejs-forge-2001.6.5-build.16.jar%23110!/:2001.6.5-build.16]
	at dev.latvian.mods.kubejs.KubeJS.<init>(KubeJS.java:137) ~[kubejs-forge-2001.6.5-build.16.jar%23110!/:2001.6.5-build.16]
	at dev.latvian.mods.kubejs.forge.KubeJSForge.<init>(KubeJSForge.java:51) ~[kubejs-forge-2001.6.5-build.16.jar%23110!/:2001.6.5-build.16]
	at jdk.internal.reflect.NativeConstructorAccessorImpl.newInstance0(Native Method) ~[?:?]
	at jdk.internal.reflect.NativeConstructorAccessorImpl.newInstance(NativeConstructorAccessorImpl.java:77) ~[?:?]
	at jdk.internal.reflect.DelegatingConstructorAccessorImpl.newInstance(DelegatingConstructorAccessorImpl.java:45) ~[?:?]
	at java.lang.reflect.Constructor.newInstanceWithCaller(Constructor.java:500) ~[?:?]
	at java.lang.reflect.Constructor.newInstance(Constructor.java:481) ~[?:?]
	at net.minecraftforge.fml.javafmlmod.FMLModContainer.constructMod(FMLModContainer.java:70) ~[javafmllanguage-1.20.1-47.3.7.jar%23117!/:?]
	at net.minecraftforge.fml.ModContainer.lambda$buildTransitionHandler$4(ModContainer.java:124) ~[fmlcore-1.20.1-47.3.7.jar%23116!/:?]
	at java.util.concurrent.CompletableFuture$AsyncRun.run(CompletableFuture.java:1804) ~[?:?]
	at java.util.concurrent.CompletableFuture$AsyncRun.exec(CompletableFuture.java:1796) ~[?:?]
	at java.util.concurrent.ForkJoinTask.doExec(ForkJoinTask.java:373) ~[?:?]
	at java.util.concurrent.ForkJoinPool$WorkQueue.topLevelExec(ForkJoinPool.java:1182) ~[?:?]
	at java.util.concurrent.ForkJoinPool.scan(ForkJoinPool.java:1655) ~[?:?]
	at java.util.concurrent.ForkJoinPool.runWorker(ForkJoinPool.java:1622) ~[?:?]
	at java.util.concurrent.ForkJoinWorkerThread.run(ForkJoinWorkerThread.java:165) ~[?:?]
[08Nov2025 21:18:53.180] [modloading-worker-0/WARN] [net.minecraft.server.packs.repository.Pack/]: Missing metadata in pack mod:minecraft
[08Nov2025 21:18:53.186] [modloading-worker-0/DEBUG] [mixin/]: Mixing ForgeHooksMixin from palladium.mixins.json into net.minecraftforge.common.ForgeHooks
[08Nov2025 21:18:53.203] [modloading-worker-0/DEBUG] [net.minecraftforge.fml.javafmlmod.AutomaticEventSubscriber/LOADING]: Attempting to inject @EventBusSubscriber classes into the eventbus for forge
[08Nov2025 21:18:53.207] [modloading-worker-0/DEBUG] [net.minecraftforge.fml.javafmlmod.AutomaticEventSubscriber/LOADING]: Auto-subscribing net.minecraftforge.common.ForgeSpawnEggItem$CommonHandler to MOD
[08Nov2025 21:18:53.329] [modloading-worker-0/INFO] [Rhino Script Remapper/]: Loading Rhino Minecraft remapper...
[08Nov2025 21:18:53.332] [modloading-worker-0/INFO] [dev.latvian.mods.rhino.mod.util.RhinoProperties/]: Rhino properties loaded.
[08Nov2025 21:18:53.349] [modloading-worker-0/INFO] [Rhino Script Remapper/]: Loading mappings for 1.20.1
[08Nov2025 21:18:53.526] [modloading-worker-0/DEBUG] [mixin/]: Mixing NetworkManagerMixin from palladium.mixins.json into net.threetag.palladiumcore.network.forge.NetworkManagerImpl
[08Nov2025 21:18:53.591] [modloading-worker-0/INFO] [Rhino Script Remapper/]: Done in 0.261 s
[08Nov2025 21:18:53.665] [modloading-worker-0/DEBUG] [net.minecraftforge.fml.config.ConfigTracker/CONFIG]: Config file palladium-client.toml for palladium tracking
[08Nov2025 21:18:53.666] [modloading-worker-0/DEBUG] [net.minecraftforge.fml.config.ConfigTracker/CONFIG]: Config file palladium-server.toml for palladium tracking
[08Nov2025 21:18:53.672] [modloading-worker-0/DEBUG] [mixin/]: Mixing PalladiumItemMixin from palladiumcore.mixins.json into net.threetag.palladiumcore.item.PalladiumItem
[08Nov2025 21:18:53.681] [modloading-worker-0/DEBUG] [net.minecraftforge.fml.javafmlmod.AutomaticEventSubscriber/LOADING]: Attempting to inject @EventBusSubscriber classes into the eventbus for palladium
[08Nov2025 21:18:53.681] [modloading-worker-0/DEBUG] [net.minecraftforge.fml.javafmlmod.AutomaticEventSubscriber/LOADING]: Auto-subscribing net.threetag.palladium.power.forge.AbilityEventHandler to FORGE
[08Nov2025 21:18:53.689] [modloading-worker-0/DEBUG] [net.minecraftforge.fml.javafmlmod.AutomaticEventSubscriber/LOADING]: Auto-subscribing net.threetag.palladium.forge.PalladiumForge to MOD
[08Nov2025 21:18:53.697] [modloading-worker-0/DEBUG] [net.minecraftforge.fml.javafmlmod.AutomaticEventSubscriber/LOADING]: Auto-subscribing net.threetag.palladium.forge.PalladiumEventHandler to FORGE
[08Nov2025 21:18:53.701] [modloading-worker-0/DEBUG] [net.minecraftforge.fml.javafmlmod.AutomaticEventSubscriber/LOADING]: Auto-subscribing net.threetag.palladium.energy.forge.EnergyHelperImpl to FORGE
[08Nov2025 21:18:53.709] [modloading-worker-0/DEBUG] [net.minecraftforge.fml.javafmlmod.AutomaticEventSubscriber/LOADING]: Auto-subscribing net.threetag.palladium.addonpack.parser.forge.AddonParserImpl to MOD
[08Nov2025 21:18:53.933] [modloading-worker-0/DEBUG] [mixin/]: Mixing components.ClickEventMixin from kubejs-common.mixins.json into net.minecraft.network.chat.ClickEvent
[08Nov2025 21:18:53.935] [modloading-worker-0/DEBUG] [mixin/]: Renaming synthetic method lambda$toJsonJS$0(Lcom/google/gson/JsonObject;)V to mdfca6ce$lambda$toJsonJS$0$0 in kubejs-common.mixins.json:components.ClickEventMixin
[08Nov2025 21:18:54.078] [modloading-worker-0/DEBUG] [mixin/]: Mixing DifferenceIngredientMixin from kubejs-forge.mixins.json into net.minecraftforge.common.crafting.DifferenceIngredient
[08Nov2025 21:18:54.087] [modloading-worker-0/DEBUG] [mixin/]: Mixing TrivialIngredientsMixin from kubejs-forge.mixins.json into net.minecraftforge.common.crafting.PartialNBTIngredient
[08Nov2025 21:18:54.091] [modloading-worker-0/DEBUG] [mixin/]: Mixing TrivialIngredientsMixin from kubejs-forge.mixins.json into net.minecraftforge.common.crafting.StrictNBTIngredient
[08Nov2025 21:18:54.385] [modloading-worker-0/INFO] [KubeJS Startup/]: example.js#5: Hello, World! (Loaded startup scripts)
[08Nov2025 21:18:54.389] [modloading-worker-0/INFO] [KubeJS Startup/]: Loaded script startup_scripts:example.js in 0.101 s
[08Nov2025 21:18:54.409] [modloading-worker-0/INFO] [KubeJS Startup/]: Loaded script addonpack_alienevo:kubejs_scripts/wall_run_up.js in 0.018 s
[08Nov2025 21:18:54.410] [modloading-worker-0/INFO] [KubeJS Startup/]: Loaded script addonpack_alienevo:kubejs_scripts/wall_run_down.js in 0.001 s
[08Nov2025 21:18:54.438] [modloading-worker-0/INFO] [KubeJS Startup/]: addonpack_alienevo:kubejs_scripts/wall_run.js#1: Loaded Java class 'net.minecraft.world.level.ClipContext'
[08Nov2025 21:18:54.447] [modloading-worker-0/INFO] [KubeJS Startup/]: addonpack_alienevo:kubejs_scripts/wall_run.js#51: Loaded Java class 'net.minecraft.network.protocol.game.ClientboundSetEntityMotionPacket'
[08Nov2025 21:18:54.450] [modloading-worker-0/INFO] [KubeJS Startup/]: Loaded script addonpack_alienevo:kubejs_scripts/wall_run.js in 0.037 s
[08Nov2025 21:18:54.488] [modloading-worker-0/INFO] [KubeJS Startup/]: Loaded script addonpack_alienevo:kubejs_scripts/wall_climb_small.js in 0.019 s
[08Nov2025 21:18:54.491] [modloading-worker-0/INFO] [KubeJS Startup/]: Loaded script addonpack_alienevo:kubejs_scripts/wall_climb_move_condition.js in 0.001 s
[08Nov2025 21:18:54.492] [modloading-worker-0/INFO] [KubeJS Startup/]: Loaded script addonpack_alienevo:kubejs_scripts/wall_climb_condition.js in 0.001 s
[08Nov2025 21:18:54.502] [modloading-worker-0/INFO] [KubeJS Startup/]: Loaded script addonpack_alienevo:kubejs_scripts/wall_climb.js in 0.008 s
[08Nov2025 21:18:54.549] [modloading-worker-0/INFO] [KubeJS Startup/]: Loaded script addonpack_alienevo:kubejs_scripts/transform.js in 0.044 s
[08Nov2025 21:18:54.565] [modloading-worker-0/INFO] [KubeJS Startup/]: Loaded script addonpack_alienevo:kubejs_scripts/store_armor.js in 0.015 s
[08Nov2025 21:18:54.585] [modloading-worker-0/INFO] [KubeJS Startup/]: Loaded script addonpack_alienevo:kubejs_scripts/stat_ability.js in 0.01 s
[08Nov2025 21:18:54.620] [modloading-worker-0/INFO] [KubeJS Startup/]: Loaded script addonpack_alienevo:kubejs_scripts/spawn_particles_block.js in 0.034 s
[08Nov2025 21:18:54.636] [modloading-worker-0/INFO] [KubeJS Startup/]: Loaded script addonpack_alienevo:kubejs_scripts/sounds.js in 0.012 s
[08Nov2025 21:18:54.693] [modloading-worker-0/INFO] [KubeJS Startup/]: Loaded script addonpack_alienevo:kubejs_scripts/slot_transform.js in 0.056 s
[08Nov2025 21:18:54.702] [modloading-worker-0/INFO] [KubeJS Startup/]: Loaded script addonpack_alienevo:kubejs_scripts/screen_shake.js in 0.002 s
[08Nov2025 21:18:54.767] [modloading-worker-0/DEBUG] [mixin/]: Mixing compat116plus.TargetPredicateMixin from pehkui.mixins.json into net.minecraft.world.entity.ai.targeting.TargetingConditions
[08Nov2025 21:18:54.817] [modloading-worker-0/DEBUG] [mixin/]: Mixing CommandSourceStackMixin from kubejs-common.mixins.json into net.minecraft.commands.CommandSourceStack
[08Nov2025 21:18:54.820] [modloading-worker-0/DEBUG] [mixin/]: Renaming synthetic method lambda$kjs$sendSuccess$0(Lnet/minecraft/network/chat/Component;)Lnet/minecraft/network/chat/Component; to mdfca6ce$lambda$kjs$sendSuccess$0$0 in kubejs-common.mixins.json:CommandSourceStackMixin
[08Nov2025 21:18:54.863] [modloading-worker-0/DEBUG] [mixin/]: Mixing IEnergyStorageMixin from palladium.mixins.json into net.threetag.palladium.energy.IEnergyStorage
[08Nov2025 21:18:54.882] [modloading-worker-0/INFO] [KubeJS Startup/]: addonpack_alienevo:kubejs_scripts/rolling_mechanics.js#117: Loaded Java class 'net.minecraft.world.entity.LivingEntity'
[08Nov2025 21:18:54.884] [modloading-worker-0/INFO] [KubeJS Startup/]: Loaded script addonpack_alienevo:kubejs_scripts/rolling_mechanics.js in 0.178 s
[08Nov2025 21:18:54.889] [modloading-worker-0/INFO] [KubeJS Startup/]: Loaded script addonpack_alienevo:kubejs_scripts/recharge.js in 0.002 s
[08Nov2025 21:18:54.890] [modloading-worker-0/INFO] [KubeJS Startup/]: Loaded script addonpack_alienevo:kubejs_scripts/quick_change_wheel_condition.js in 0.001 s
[08Nov2025 21:18:54.895] [modloading-worker-0/INFO] [KubeJS Startup/]: Loaded script addonpack_alienevo:kubejs_scripts/quick_change.js in 0.003 s
[08Nov2025 21:18:54.896] [modloading-worker-0/INFO] [KubeJS Startup/]: Loaded script addonpack_alienevo:kubejs_scripts/pyro_surf.js in 0.0 s
[08Nov2025 21:18:54.906] [modloading-worker-0/INFO] [KubeJS Startup/]: addonpack_alienevo:kubejs_scripts/projectile.js#2: Loaded Java class 'net.minecraft.world.phys.Vec3'
[08Nov2025 21:18:54.909] [modloading-worker-0/INFO] [KubeJS Startup/]: Loaded script addonpack_alienevo:kubejs_scripts/projectile.js in 0.01 s
[08Nov2025 21:18:54.918] [modloading-worker-0/INFO] [KubeJS Startup/]: Loaded script addonpack_alienevo:kubejs_scripts/predator_vision.js in 0.008 s
[08Nov2025 21:18:54.925] [modloading-worker-0/INFO] [KubeJS Startup/]: Loaded script addonpack_alienevo:kubejs_scripts/playlist_cycle.js in 0.004 s
[08Nov2025 21:18:54.943] [modloading-worker-0/INFO] [KubeJS Startup/]: Loaded script addonpack_alienevo:kubejs_scripts/ore_detect.js in 0.016 s
[08Nov2025 21:18:54.958] [modloading-worker-0/INFO] [KubeJS Startup/]: Loaded script addonpack_alienevo:kubejs_scripts/omnitrix_timer.js in 0.011 s
[08Nov2025 21:18:54.965] [modloading-worker-0/INFO] [KubeJS Startup/]: Loaded script addonpack_alienevo:kubejs_scripts/omnitrix_cycle_animation.js in 0.004 s
[08Nov2025 21:18:54.978] [modloading-worker-0/INFO] [KubeJS Startup/]: Loaded script addonpack_alienevo:kubejs_scripts/omnitrix_cycle.js in 0.01 s
[08Nov2025 21:18:54.982] [modloading-worker-0/INFO] [KubeJS Startup/]: Loaded script addonpack_alienevo:kubejs_scripts/omni_properties.js in 0.003 s
[08Nov2025 21:18:54.983] [modloading-worker-0/INFO] [KubeJS Startup/]: Loaded script addonpack_alienevo:kubejs_scripts/motion_water.js in 0.0 s
[08Nov2025 21:18:54.997] [modloading-worker-0/INFO] [KubeJS Startup/]: Loaded script addonpack_alienevo:kubejs_scripts/motion_to_entity.js in 0.012 s
[08Nov2025 21:18:55.000] [modloading-worker-0/INFO] [KubeJS Startup/]: Loaded script addonpack_alienevo:kubejs_scripts/motion_dash.js in 0.001 s
[08Nov2025 21:18:55.004] [modloading-worker-0/INFO] [KubeJS Startup/]: Loaded script addonpack_alienevo:kubejs_scripts/motion.js in 0.004 s
[08Nov2025 21:18:55.011] [modloading-worker-0/INFO] [KubeJS Startup/]: Loaded script addonpack_alienevo:kubejs_scripts/items.js in 0.006 s
[08Nov2025 21:18:55.020] [modloading-worker-0/INFO] [KubeJS Startup/]: Loaded script addonpack_alienevo:kubejs_scripts/is_alien.js in 0.004 s
[08Nov2025 21:18:55.021] [modloading-worker-0/INFO] [KubeJS Startup/]: Loaded script addonpack_alienevo:kubejs_scripts/invulnerable.js in 0.001 s
[08Nov2025 21:18:55.030] [modloading-worker-0/INFO] [KubeJS Startup/]: Loaded script addonpack_alienevo:kubejs_scripts/infinity.js in 0.008 s
[08Nov2025 21:18:55.039] [modloading-worker-0/INFO] [KubeJS Startup/]: Loaded script addonpack_alienevo:kubejs_scripts/ice_layer.js in 0.008 s
[08Nov2025 21:18:55.043] [modloading-worker-0/INFO] [KubeJS Startup/]: Loaded script addonpack_alienevo:kubejs_scripts/hunger_fix.js in 0.001 s
[08Nov2025 21:18:55.058] [modloading-worker-0/INFO] [KubeJS Startup/]: Loaded script addonpack_alienevo:kubejs_scripts/ground_slam.js in 0.015 s
[08Nov2025 21:18:55.067] [modloading-worker-0/INFO] [KubeJS Startup/]: Loaded script addonpack_alienevo:kubejs_scripts/grapple.js in 0.007 s
[08Nov2025 21:18:55.092] [modloading-worker-0/INFO] [KubeJS Startup/]: Loaded script addonpack_alienevo:kubejs_scripts/goo_fire.js in 0.012 s
[08Nov2025 21:18:55.103] [modloading-worker-0/INFO] [KubeJS Startup/]: Loaded script addonpack_alienevo:kubejs_scripts/glow_crystals.js in 0.011 s
[08Nov2025 21:18:55.110] [modloading-worker-0/INFO] [KubeJS Startup/]: Loaded script addonpack_alienevo:kubejs_scripts/glide.js in 0.004 s
[08Nov2025 21:18:55.127] [modloading-worker-0/INFO] [KubeJS Startup/]: Loaded script addonpack_alienevo:kubejs_scripts/galvan_blueprints.js in 0.01 s
[08Nov2025 21:18:55.127] [modloading-worker-0/INFO] [KubeJS Startup/]: Loaded script addonpack_alienevo:kubejs_scripts/freeze_immunity.js in 0.0 s
[08Nov2025 21:18:55.136] [modloading-worker-0/INFO] [KubeJS Startup/]: addonpack_alienevo:kubejs_scripts/flatten.js#1: Loaded Java class 'virtuoel.pehkui.api.ScaleTypes'
[08Nov2025 21:18:55.137] [modloading-worker-0/INFO] [KubeJS Startup/]: Loaded script addonpack_alienevo:kubejs_scripts/flatten.js in 0.009 s
[08Nov2025 21:18:55.138] [modloading-worker-0/INFO] [KubeJS Startup/]: Loaded script addonpack_alienevo:kubejs_scripts/fire_immunity.js in 0.0 s
[08Nov2025 21:18:55.157] [modloading-worker-0/INFO] [KubeJS Startup/]: Loaded script addonpack_alienevo:kubejs_scripts/fire_absorb.js in 0.017 s
[08Nov2025 21:18:55.162] [modloading-worker-0/INFO] [KubeJS Startup/]: Loaded script addonpack_alienevo:kubejs_scripts/explosion.js in 0.004 s
[08Nov2025 21:18:55.164] [modloading-worker-0/INFO] [KubeJS Startup/]: Loaded script addonpack_alienevo:kubejs_scripts/entity_damage.js in 0.002 s
[08Nov2025 21:18:55.172] [modloading-worker-0/INFO] [KubeJS Startup/]: Loaded script addonpack_alienevo:kubejs_scripts/draganoid.js in 0.003 s
[08Nov2025 21:18:55.174] [modloading-worker-0/INFO] [KubeJS Startup/]: Loaded script addonpack_alienevo:kubejs_scripts/directional_damage.js in 0.001 s
[08Nov2025 21:18:55.193] [modloading-worker-0/INFO] [KubeJS Startup/]: Loaded script addonpack_alienevo:kubejs_scripts/diamond_creation.js in 0.015 s
[08Nov2025 21:18:55.198] [modloading-worker-0/INFO] [KubeJS Startup/]: Loaded script addonpack_alienevo:kubejs_scripts/detransform.js in 0.001 s
[08Nov2025 21:18:55.225] [modloading-worker-0/INFO] [KubeJS Startup/]: Loaded script addonpack_alienevo:kubejs_scripts/decouple.js in 0.024 s
[08Nov2025 21:18:55.232] [modloading-worker-0/INFO] [KubeJS Startup/]: Loaded script addonpack_alienevo:kubejs_scripts/damage_effect.js in 0.005 s
[08Nov2025 21:18:55.233] [modloading-worker-0/INFO] [KubeJS Startup/]: Loaded script addonpack_alienevo:kubejs_scripts/cycle_sounds.js in 0.001 s
[08Nov2025 21:18:55.236] [modloading-worker-0/INFO] [KubeJS Startup/]: Loaded script addonpack_alienevo:kubejs_scripts/current_alien_nickname_condition.js in 0.0 s
[08Nov2025 21:18:55.247] [modloading-worker-0/INFO] [KubeJS Startup/]: Loaded script addonpack_alienevo:kubejs_scripts/crystal_pillar.js in 0.011 s
[08Nov2025 21:18:55.265] [modloading-worker-0/INFO] [KubeJS Startup/]: Loaded script addonpack_alienevo:kubejs_scripts/core_removal.js in 0.014 s
[08Nov2025 21:18:55.275] [modloading-worker-0/INFO] [KubeJS Startup/]: Loaded script addonpack_alienevo:kubejs_scripts/color_modules.js in 0.002 s
[08Nov2025 21:18:55.282] [modloading-worker-0/INFO] [KubeJS Startup/]: Loaded script addonpack_alienevo:kubejs_scripts/codes.js in 0.007 s
[08Nov2025 21:18:55.284] [modloading-worker-0/INFO] [KubeJS Startup/]: Loaded script addonpack_alienevo:kubejs_scripts/charge_leap.js in 0.0 s
[08Nov2025 21:18:55.289] [modloading-worker-0/INFO] [KubeJS Startup/]: Loaded script addonpack_alienevo:kubejs_scripts/bounce.js in 0.003 s
[08Nov2025 21:18:55.303] [modloading-worker-0/INFO] [KubeJS Startup/]: addonpack_alienevo:kubejs_scripts/blocks.js#1: Loaded Java class 'net.minecraft.nbt.CompoundTag'
[08Nov2025 21:18:55.304] [modloading-worker-0/INFO] [KubeJS Startup/]: Loaded script addonpack_alienevo:kubejs_scripts/blocks.js in 0.011 s
[08Nov2025 21:18:55.308] [modloading-worker-0/INFO] [KubeJS Startup/]: Loaded script addonpack_alienevo:kubejs_scripts/block_wave.js in 0.004 s
[08Nov2025 21:18:55.313] [modloading-worker-0/INFO] [KubeJS Startup/]: Loaded script addonpack_alienevo:kubejs_scripts/behind.js in 0.004 s
[08Nov2025 21:18:55.321] [modloading-worker-0/INFO] [KubeJS Startup/]: Loaded script addonpack_alienevo:kubejs_scripts/astro_powers.js in 0.006 s
[08Nov2025 21:18:55.323] [modloading-worker-0/INFO] [KubeJS Startup/]: Loaded script addonpack_alienevo:kubejs_scripts/alienevo_watch_condition.js in 0.0 s
[08Nov2025 21:18:55.324] [modloading-worker-0/INFO] [KubeJS Startup/]: Loaded script addonpack_alienevo:kubejs_scripts/alienevo_color_condition.js in 0.0 s
[08Nov2025 21:18:55.345] [modloading-worker-0/INFO] [KubeJS Startup/]: addonpack_alienevo:kubejs_scripts/alien_codex.js#1: Loaded Java class 'net.minecraft.network.chat.Component'
[08Nov2025 21:18:55.351] [modloading-worker-0/INFO] [KubeJS Startup/]: Loaded script addonpack_alienevo:kubejs_scripts/alien_codex.js in 0.026 s
[08Nov2025 21:18:55.354] [modloading-worker-0/INFO] [KubeJS Startup/]: Loaded script addonpack_afomni:kubejs_scripts/new_ice_block.js in 0.0 s
[08Nov2025 21:18:55.358] [modloading-worker-0/INFO] [KubeJS Startup/]: Loaded script addonpack_afomni:kubejs_scripts/leap_vax.js in 0.003 s
[08Nov2025 21:18:55.358] [modloading-worker-0/INFO] [KubeJS Startup/]: Loaded script addonpack_afomni:kubejs_scripts/is_mainhand.js in 0.0 s
[08Nov2025 21:18:55.359] [modloading-worker-0/INFO] [KubeJS Startup/]: Loaded script addonpack_afomni:kubejs_scripts/freezing_effect.js in 0.001 s
[08Nov2025 21:18:55.359] [modloading-worker-0/INFO] [KubeJS Startup/]: Loaded script addonpack_afomni:kubejs_scripts/chroma_leap.js in 0.0 s
[08Nov2025 21:18:55.362] [modloading-worker-0/INFO] [KubeJS Startup/]: Loaded script addonpack_afomni:kubejs_scripts/aoe_damage.js in 0.0 s
[08Nov2025 21:18:55.372] [modloading-worker-0/INFO] [KubeJS Startup/]: Loaded 77/77 KubeJS startup scripts in 1.774 s with 0 errors and 0 warnings
[08Nov2025 21:18:55.519] [modloading-worker-0/ERROR] [net.minecraftforge.fml.loading.RuntimeDistCleaner/DISTXFORM]: Attempted to load class net/minecraft/client/Minecraft for invalid dist DEDICATED_SERVER
[08Nov2025 21:18:55.546] [modloading-worker-0/ERROR] [net.threetag.palladium.Palladium/]: Failed to register ability property "%s", type "%s" is not supported
[08Nov2025 21:18:55.550] [modloading-worker-0/ERROR] [net.threetag.palladium.Palladium/]: Failed to register ability property "%s", type "%s" is not supported
[08Nov2025 21:18:55.553] [modloading-worker-0/ERROR] [net.threetag.palladium.Palladium/]: Failed to register ability property "%s", type "%s" is not supported
[08Nov2025 21:18:55.575] [modloading-worker-0/INFO] [KubeJS Startup/]: addonpack_alienevo:kubejs_scripts/motion_to_entity.js#6: Loaded Java class 'net.minecraft.world.phys.HitResult'
[08Nov2025 21:18:55.592] [modloading-worker-0/INFO] [KubeJS Startup/]: addonpack_alienevo:kubejs_scripts/motion_to_entity.js#7: Loaded Java class 'net.minecraft.world.entity.decoration.ArmorStand'
[08Nov2025 21:18:55.602] [modloading-worker-0/INFO] [KubeJS Startup/]: addonpack_alienevo:kubejs_scripts/motion_to_entity.js#8: Loaded Java class 'net.minecraft.world.entity.boss.enderdragon.EndCrystal'
[08Nov2025 21:18:55.631] [modloading-worker-0/ERROR] [net.threetag.palladium.Palladium/]: Failed to register ability property "%s", type "%s" is not supported
[08Nov2025 21:18:55.746] [modloading-worker-0/INFO] [dev.architectury.networking.forge.NetworkManagerImpl/]: Registering C2S receiver with id kubejs:send_data_from_client
[08Nov2025 21:18:55.751] [modloading-worker-0/INFO] [dev.architectury.networking.forge.NetworkManagerImpl/]: Registering C2S receiver with id kubejs:first_click
[08Nov2025 21:18:55.764] [modloading-worker-0/DEBUG] [mixin/]: Mixing IngredientsWithChildrenMixin from kubejs-forge.mixins.json into net.minecraftforge.common.crafting.CompoundIngredient
[08Nov2025 21:18:55.771] [modloading-worker-0/DEBUG] [net.minecraftforge.fml.javafmlmod.AutomaticEventSubscriber/LOADING]: Attempting to inject @EventBusSubscriber classes into the eventbus for kubejs
[08Nov2025 21:18:55.772] [main/DEBUG] [net.minecraftforge.fml.DeferredWorkQueue/LOADING]: Dispatching synchronous work for work queue CONSTRUCT: 1 jobs
[08Nov2025 21:18:55.773] [main/INFO] [net.threetag.palladium.Palladium/]: Starting addonpack initialisation...
[08Nov2025 21:18:55.774] [main/ERROR] [net.minecraft.server.packs.AbstractPackResources/]: Couldn't load pack metadata
com.google.gson.JsonSyntaxException: Missing pack_format, expected to find a Int
	at net.minecraft.util.GsonHelper.m_13927_(GsonHelper.java:277) ~[server-1.20.1-20230612.114412-srg.jar%23115!/:?]
	at net.minecraft.server.packs.metadata.pack.PackMetadataSectionSerializer.m_6322_(PackMetadataSectionSerializer.java:15) ~[server-1.20.1-20230612.114412-srg.jar%23115!/:?]
	at net.minecraft.server.packs.metadata.pack.PackMetadataSectionSerializer.m_6322_(PackMetadataSectionSerializer.java:9) ~[server-1.20.1-20230612.114412-srg.jar%23115!/:?]
	at net.minecraft.server.packs.AbstractPackResources.m_10214_(AbstractPackResources.java:52) ~[server-1.20.1-20230612.114412-srg.jar%23115!/:?]
	at net.minecraft.server.packs.AbstractPackResources.m_5550_(AbstractPackResources.java:33) ~[server-1.20.1-20230612.114412-srg.jar%23115!/:?]
	at net.minecraft.server.packs.repository.Pack.m_246334_(Pack.java:60) ~[server-1.20.1-20230612.114412-srg.jar%23115!/:?]
	at net.minecraft.server.packs.repository.Pack.m_245429_(Pack.java:35) ~[server-1.20.1-20230612.114412-srg.jar%23115!/:?]
	at net.threetag.palladium.addonpack.forge.AddonPackManagerImpl$ModPackSource.m_7686_(AddonPackManagerImpl.java:49) ~[palladium-4.2.9+1.20.1-forge.jar%23111!/:4.2.9+1.20.1]
	at net.minecraft.server.packs.repository.PackRepository.m_10526_(PackRepository.java:39) ~[server-1.20.1-20230612.114412-srg.jar%23115!/:?]
	at net.minecraft.server.packs.repository.PackRepository.m_10506_(PackRepository.java:31) ~[server-1.20.1-20230612.114412-srg.jar%23115!/:?]
	at net.threetag.palladium.addonpack.AddonPackManager.beginLoading(AddonPackManager.java:136) ~[palladium-4.2.9+1.20.1-forge.jar%23111!/:4.2.9+1.20.1]
	at net.threetag.palladium.addonpack.AddonPackManager.startLoading(AddonPackManager.java:54) ~[palladium-4.2.9+1.20.1-forge.jar%23111!/:4.2.9+1.20.1]
	at java.util.concurrent.CompletableFuture$AsyncRun.run(CompletableFuture.java:1804) ~[?:?]
	at net.minecraftforge.fml.DeferredWorkQueue.lambda$makeRunnable$2(DeferredWorkQueue.java:81) ~[fmlcore-1.20.1-47.3.7.jar%23116!/:?]
	at net.minecraftforge.fml.DeferredWorkQueue.makeRunnable(DeferredWorkQueue.java:76) ~[fmlcore-1.20.1-47.3.7.jar%23116!/:?]
	at net.minecraftforge.fml.DeferredWorkQueue.lambda$runTasks$0(DeferredWorkQueue.java:60) ~[fmlcore-1.20.1-47.3.7.jar%23116!/:?]
	at java.util.concurrent.ConcurrentLinkedDeque.forEach(ConcurrentLinkedDeque.java:1650) ~[?:?]
	at net.minecraftforge.fml.DeferredWorkQueue.runTasks(DeferredWorkQueue.java:60) ~[fmlcore-1.20.1-47.3.7.jar%23116!/:?]
	at net.minecraftforge.fml.core.ParallelTransition.lambda$finalActivityGenerator$2(ParallelTransition.java:35) ~[forge-1.20.1-47.3.7-universal.jar%23120!/:?]
	at java.util.concurrent.CompletableFuture$UniApply.tryFire(CompletableFuture.java:646) ~[?:?]
	at java.util.concurrent.CompletableFuture$Completion.run(CompletableFuture.java:482) ~[?:?]
	at net.minecraftforge.fml.ModWorkManager$SyncExecutor.driveOne(ModWorkManager.java:43) ~[fmlcore-1.20.1-47.3.7.jar%23116!/:?]
	at net.minecraftforge.fml.ModWorkManager$DrivenExecutor.drive(ModWorkManager.java:28) ~[fmlcore-1.20.1-47.3.7.jar%23116!/:?]
	at net.minecraftforge.fml.ModLoader.waitForTransition(ModLoader.java:224) ~[fmlcore-1.20.1-47.3.7.jar%23116!/:?]
	at net.minecraftforge.fml.ModLoader.lambda$dispatchAndHandleError$20(ModLoader.java:210) ~[fmlcore-1.20.1-47.3.7.jar%23116!/:?]
	at java.util.Optional.ifPresent(Optional.java:178) ~[?:?]
	at net.minecraftforge.fml.ModLoader.dispatchAndHandleError(ModLoader.java:210) ~[fmlcore-1.20.1-47.3.7.jar%23116!/:?]
	at net.minecraftforge.fml.ModLoader.lambda$gatherAndInitializeMods$13(ModLoader.java:183) ~[fmlcore-1.20.1-47.3.7.jar%23116!/:?]
	at java.lang.Iterable.forEach(Iterable.java:75) ~[?:?]
	at net.minecraftforge.fml.ModLoader.gatherAndInitializeMods(ModLoader.java:183) ~[fmlcore-1.20.1-47.3.7.jar%23116!/:?]
	at net.minecraftforge.server.loading.ServerModLoader.load(ServerModLoader.java:30) ~[forge-1.20.1-47.3.7-universal.jar%23120!/:?]
	at net.minecraft.server.Main.main(Main.java:125) ~[server-1.20.1-20230612.114412-srg.jar%23115!/:?]
	at jdk.internal.reflect.NativeMethodAccessorImpl.invoke0(Native Method) ~[?:?]
	at jdk.internal.reflect.NativeMethodAccessorImpl.invoke(NativeMethodAccessorImpl.java:77) ~[?:?]
	at jdk.internal.reflect.DelegatingMethodAccessorImpl.invoke(DelegatingMethodAccessorImpl.java:43) ~[?:?]
	at java.lang.reflect.Method.invoke(Method.java:569) ~[?:?]
	at net.minecraftforge.fml.loading.targets.CommonLaunchHandler.runTarget(CommonLaunchHandler.java:111) ~[fmlloader-1.20.1-47.3.7.jar%2369!/:?]
	at net.minecraftforge.fml.loading.targets.CommonLaunchHandler.serverService(CommonLaunchHandler.java:103) ~[fmlloader-1.20.1-47.3.7.jar%2369!/:?]
	at net.minecraftforge.fml.loading.targets.CommonServerLaunchHandler.lambda$makeService$0(CommonServerLaunchHandler.java:27) ~[fmlloader-1.20.1-47.3.7.jar%2369!/:?]
	at cpw.mods.modlauncher.LaunchServiceHandlerDecorator.launch(LaunchServiceHandlerDecorator.java:30) ~[modlauncher-10.0.9.jar%2355!/:?]
	at cpw.mods.modlauncher.LaunchServiceHandler.launch(LaunchServiceHandler.java:53) ~[modlauncher-10.0.9.jar%2355!/:?]
	at cpw.mods.modlauncher.LaunchServiceHandler.launch(LaunchServiceHandler.java:71) ~[modlauncher-10.0.9.jar%2355!/:?]
	at cpw.mods.modlauncher.Launcher.run(Launcher.java:108) ~[modlauncher-10.0.9.jar%2355!/:?]
	at cpw.mods.modlauncher.Launcher.main(Launcher.java:78) ~[modlauncher-10.0.9.jar%2355!/:?]
	at cpw.mods.modlauncher.BootstrapLaunchConsumer.accept(BootstrapLaunchConsumer.java:26) ~[modlauncher-10.0.9.jar%2355!/:?]
	at cpw.mods.modlauncher.BootstrapLaunchConsumer.accept(BootstrapLaunchConsumer.java:23) ~[modlauncher-10.0.9.jar%2355!/:?]
	at cpw.mods.bootstraplauncher.BootstrapLauncher.main(BootstrapLauncher.java:141) ~[bootstraplauncher-1.1.2.jar:?]
[08Nov2025 21:18:55.778] [main/WARN] [net.minecraft.server.packs.repository.Pack/]: Missing metadata in pack mod:minecraft
[08Nov2025 21:18:55.793] [main/INFO] [net.threetag.palladium.Palladium/]: Skipping mod:architectury as it's not been marked as an addonpack
[08Nov2025 21:18:55.794] [main/ERROR] [net.threetag.palladium.Palladium/]: Cannot invoke "net.threetag.palladium.addonpack.PackData.getId()" because "packData" is null
[08Nov2025 21:18:55.794] [main/INFO] [net.threetag.palladium.Palladium/]: Skipping mod:forge as it's not been marked as an addonpack
[08Nov2025 21:18:55.795] [main/ERROR] [net.threetag.palladium.Palladium/]: Cannot invoke "net.threetag.palladium.addonpack.PackData.getId()" because "packData" is null
[08Nov2025 21:18:55.795] [main/INFO] [net.threetag.palladium.Palladium/]: Skipping mod:geckolib as it's not been marked as an addonpack
[08Nov2025 21:18:55.796] [main/ERROR] [net.threetag.palladium.Palladium/]: Cannot invoke "net.threetag.palladium.addonpack.PackData.getId()" because "packData" is null
[08Nov2025 21:18:55.796] [main/INFO] [net.threetag.palladium.Palladium/]: Skipping mod:kubejs as it's not been marked as an addonpack
[08Nov2025 21:18:55.797] [main/ERROR] [net.threetag.palladium.Palladium/]: Cannot invoke "net.threetag.palladium.addonpack.PackData.getId()" because "packData" is null
[08Nov2025 21:18:55.797] [main/INFO] [net.threetag.palladium.Palladium/]: Skipping mod:palladium as it's not been marked as an addonpack
[08Nov2025 21:18:55.798] [main/ERROR] [net.threetag.palladium.Palladium/]: Cannot invoke "net.threetag.palladium.addonpack.PackData.getId()" because "packData" is null
[08Nov2025 21:18:55.798] [main/INFO] [net.threetag.palladium.Palladium/]: Skipping mod:palladiumcore as it's not been marked as an addonpack
[08Nov2025 21:18:55.799] [main/ERROR] [net.threetag.palladium.Palladium/]: Cannot invoke "net.threetag.palladium.addonpack.PackData.getId()" because "packData" is null
[08Nov2025 21:18:55.799] [main/INFO] [net.threetag.palladium.Palladium/]: Skipping mod:pehkui as it's not been marked as an addonpack
[08Nov2025 21:18:55.800] [main/ERROR] [net.threetag.palladium.Palladium/]: Cannot invoke "net.threetag.palladium.addonpack.PackData.getId()" because "packData" is null
[08Nov2025 21:18:55.800] [main/INFO] [net.threetag.palladium.Palladium/]: Skipping mod:playeranimator as it's not been marked as an addonpack
[08Nov2025 21:18:55.801] [main/ERROR] [net.threetag.palladium.Palladium/]: Cannot invoke "net.threetag.palladium.addonpack.PackData.getId()" because "packData" is null
[08Nov2025 21:18:55.802] [main/INFO] [net.threetag.palladium.Palladium/]: Skipping mod:rhino as it's not been marked as an addonpack
[08Nov2025 21:18:55.802] [main/ERROR] [net.threetag.palladium.Palladium/]: Cannot invoke "net.threetag.palladium.addonpack.PackData.getId()" because "packData" is null
[08Nov2025 21:18:55.806] [main/INFO] [net.minecraft.server.packs.resources.ReloadableResourceManager/]: Reloading ResourceManager: AlienEvo-1.1.1-forge.jar, architectury-9.2.14-forge.jar, forge-1.20.1-47.3.7-universal.jar, geckolib-forge-1.20.1-4.8.2.jar, kubejs-forge-2001.6.5-build.16.jar, palladium-4.2.9+1.20.1-forge.jar, palladiumcore-forge-1.0.1+1.20.1-forge.jar, Pehkui-3.8.2+1.20.1-forge.jar, player-animation-lib-forge-1.0.2-rc1+1.20.jar, rhino-forge-2001.2.3-build.10.jar
[08Nov2025 21:18:55.829] [main/DEBUG] [net.minecraftforge.fml.DeferredWorkQueue/LOADING]: Synchronous work queue completed in 57.13 ms
[08Nov2025 21:18:55.851] [main/INFO] [net.threetag.palladium.Palladium/]: Registered 2 addonpack creative_mode_tab
[08Nov2025 21:18:55.852] [main/INFO] [net.threetag.palladium.Palladium/]: Registered 0 addonpack armor materials
[08Nov2025 21:18:55.854] [main/INFO] [net.threetag.palladium.Palladium/]: Registered 1 addonpack tool tiers
[08Nov2025 21:18:55.854] [main/INFO] [net.threetag.palladium.Palladium/]: Registered 0 addonpack block
[08Nov2025 21:18:55.860] [main/INFO] [net.threetag.palladium.Palladium/]: Registered 49 addonpack item
[08Nov2025 21:18:55.861] [main/INFO] [net.threetag.palladium.Palladium/]: Registered 0 addonpack suit_set
[08Nov2025 21:18:55.863] [main/INFO] [net.threetag.palladium.Palladium/]: Registered 29 addonpack particle_type
[08Nov2025 21:18:55.863] [main/INFO] [net.threetag.palladium.Palladium/]: Registered 1 addonpack point_of_interest_type
[08Nov2025 21:18:55.865] [main/INFO] [net.threetag.palladium.Palladium/]: Registered 1 addonpack villager_profession
[08Nov2025 21:18:55.866] [main/INFO] [net.threetag.palladium.Palladium/]: Registered 0 addonpack accessory slots
[08Nov2025 21:18:55.868] [main/INFO] [net.threetag.palladium.Palladium/]: Registered 0 addonpack accessories
[08Nov2025 21:18:55.869] [main/INFO] [net.threetag.palladium.Palladium/]: Finished addonpack initialisation!
[08Nov2025 21:18:55.948] [main/DEBUG] [net.minecraftforge.common.capabilities.CapabilityManager/CAPABILITIES]: Attempting to automatically register: Lnet/minecraftforge/energy/IEnergyStorage;
[08Nov2025 21:18:55.949] [main/DEBUG] [net.minecraftforge.common.capabilities.CapabilityManager/CAPABILITIES]: Attempting to automatically register: Lnet/minecraftforge/fluids/capability/IFluidHandler;
[08Nov2025 21:18:55.949] [main/DEBUG] [net.minecraftforge.common.capabilities.CapabilityManager/CAPABILITIES]: Attempting to automatically register: Lnet/minecraftforge/fluids/capability/IFluidHandlerItem;
[08Nov2025 21:18:55.949] [main/DEBUG] [net.minecraftforge.common.capabilities.CapabilityManager/CAPABILITIES]: Attempting to automatically register: Lnet/minecraftforge/items/IItemHandler;
[08Nov2025 21:18:56.075] [main/DEBUG] [mixin/]: Mixing IngredientsWithChildrenMixin from kubejs-forge.mixins.json into net.minecraftforge.common.crafting.IntersectionIngredient
[08Nov2025 21:18:56.303] [main/DEBUG] [net.minecraftforge.fml.config.ConfigTracker/CONFIG]: Loading configs type COMMON
[08Nov2025 21:18:56.305] [main/DEBUG] [net.minecraftforge.fml.config.ConfigFileTypeHandler/CONFIG]: Built TOML config for /workspaces/team30/servidor_minecraft/config/pehkui-common.toml
[08Nov2025 21:18:56.305] [main/DEBUG] [net.minecraftforge.fml.config.ConfigFileTypeHandler/CONFIG]: Loaded TOML config file /workspaces/team30/servidor_minecraft/config/pehkui-common.toml
[08Nov2025 21:18:56.313] [main/DEBUG] [net.minecraftforge.fml.config.ConfigFileTypeHandler/CONFIG]: Watching TOML config file /workspaces/team30/servidor_minecraft/config/pehkui-common.toml for changes
[08Nov2025 21:18:56.319] [Thread-1/DEBUG] [net.minecraftforge.fml.config.ConfigFileTypeHandler/CONFIG]: Config file pehkui-common.toml changed, sending notifies
[08Nov2025 21:18:56.325] [Thread-1/DEBUG] [net.minecraftforge.fml.config.ConfigFileTypeHandler/CONFIG]: Config file pehkui-common.toml changed, sending notifies
[08Nov2025 21:18:56.385] [modloading-worker-0/INFO] [KubeJS Startup/]: addonpack_alienevo:kubejs_scripts/glow_crystals.js#3: Loaded Java class 'dev.latvian.mods.kubejs.item.custom.BasicItemJS$Builder'
[08Nov2025 21:18:56.766] [Forge Version Check/INFO] [net.minecraftforge.fml.VersionChecker/]: [forge] Starting version check at https://files.minecraftforge.net/net/minecraftforge/forge/promotions_slim.json
[08Nov2025 21:18:57.414] [Forge Version Check/DEBUG] [net.minecraftforge.fml.VersionChecker/]: [forge] Received version check data:
{
  "homepage": "https://files.minecraftforge.net/net/minecraftforge/forge/",
  "promos": {
    "1.1-latest": "1.3.4.29",
    "1.2.3-latest": "1.4.1.64",
    "1.2.4-latest": "2.0.0.68",
    "1.2.5-latest": "3.4.9.171",
    "1.3.2-latest": "4.3.5.318",
    "1.4.0-latest": "5.0.0.326",
    "1.4.1-latest": "6.0.0.329",
    "1.4.2-latest": "6.0.1.355",
    "1.4.3-latest": "6.2.1.358",
    "1.4.4-latest": "6.3.0.378",
    "1.4.5-latest": "6.4.2.448",
    "1.4.6-latest": "6.5.0.489",
    "1.4.7-latest": "6.6.2.534",
    "1.5-latest": "7.7.0.598",
    "1.5.1-latest": "7.7.2.682",
    "1.5.2-latest": "7.8.1.738",
    "1.5.2-recommended": "7.8.1.738",
    "1.6.1-latest": "8.9.0.775",
    "1.6.2-latest": "9.10.1.871",
    "1.6.2-recommended": "9.10.1.871",
    "1.6.3-latest": "9.11.0.878",
    "1.6.4-latest": "9.11.1.1345",
    "1.6.4-recommended": "9.11.1.1345",
    "1.7.2-latest": "10.12.2.1161",
    "1.7.2-recommended": "10.12.2.1161",
    "1.7.10_pre4-latest": "10.12.2.1149",
    "1.7.10-latest": "10.13.4.1614",
    "1.7.10-recommended": "10.13.4.1614",
    "1.8-latest": "11.14.4.1577",
    "1.8-recommended": "11.14.4.1563",
    "1.8.8-latest": "11.15.0.1655",
    "1.8.9-latest": "11.15.1.2318",
    "1.8.9-recommended": "11.15.1.2318",
    "1.9-latest": "12.16.1.1938",
    "1.9-recommended": "12.16.1.1887",
    "1.9.4-latest": "12.17.0.2317",
    "1.9.4-recommended": "12.17.0.2317",
    "1.10-latest": "12.18.0.2000",
    "1.10.2-latest": "12.18.3.2511",
    "1.10.2-recommended": "12.18.3.2511",
    "1.11-latest": "13.19.1.2199",
    "1.11-recommended": "13.19.1.2189",
    "1.11.2-latest": "13.20.1.2588",
    "1.11.2-recommended": "13.20.1.2588",
    "1.12-latest": "14.21.1.2443",
    "1.12-recommended": "14.21.1.2387",
    "1.12.1-latest": "14.22.1.2485",
    "1.12.1-recommended": "14.22.1.2478",
    "1.12.2-latest": "14.23.5.2860",
    "1.12.2-recommended": "14.23.5.2859",
    "1.13.2-latest": "25.0.223",
    "1.14.2-latest": "26.0.63",
    "1.14.3-latest": "27.0.60",
    "1.14.4-latest": "28.2.26",
    "1.14.4-recommended": "28.2.26",
    "1.15-latest": "29.0.4",
    "1.15.1-latest": "30.0.51",
    "1.15.2-latest": "31.2.60",
    "1.15.2-recommended": "31.2.57",
    "1.16.1-latest": "32.0.108",
    "1.16.2-latest": "33.0.61",
    "1.16.3-latest": "34.1.42",
    "1.16.3-recommended": "34.1.0",
    "1.16.4-latest": "35.1.37",
    "1.16.4-recommended": "35.1.4",
    "1.16.5-latest": "36.2.42",
    "1.16.5-recommended": "36.2.34",
    "1.17.1-latest": "37.1.1",
    "1.17.1-recommended": "37.1.1",
    "1.18-latest": "38.0.17",
    "1.18.1-latest": "39.1.2",
    "1.18.1-recommended": "39.1.0",
    "1.18.2-recommended": "40.3.0",
    "1.18.2-latest": "40.3.11",
    "1.19-latest": "41.1.0",
    "1.19-recommended": "41.1.0",
    "1.19.1-latest": "42.0.9",
    "1.19.2-recommended": "43.5.0",
    "1.19.2-latest": "43.5.1",
    "1.19.3-latest": "44.1.23",
    "1.19.3-recommended": "44.1.0",
    "1.19.4-recommended": "45.4.0",
    "1.19.4-latest": "45.4.2",
    "1.20-latest": "46.0.14",
    "1.20.1-recommended": "47.4.0",
    "1.20.1-latest": "47.4.10",
    "1.20.2-latest": "48.1.0",
    "1.20.2-recommended": "48.1.0",
    "1.20.3-latest": "49.0.2",
    "1.20.4-latest": "49.2.2",
    "1.20.4-recommended": "49.2.0",
    "1.20.6-latest": "50.2.2",
    "1.20.6-recommended": "50.2.0",
    "1.21-latest": "51.0.33",
    "1.21.1-latest": "52.1.6",
    "1.21.1-recommended": "52.1.0",
    "1.21.3-latest": "53.1.4",
    "1.21.3-recommended": "53.1.0",
    "1.21.4-latest": "54.1.8",
    "1.21.4-recommended": "54.1.0",
    "1.21.5-latest": "55.1.2",
    "1.21.5-recommended": "55.1.0",
    "1.21.6-latest": "56.0.9",
    "1.21.7-latest": "57.0.3",
    "1.21.8-latest": "58.1.7",
    "1.21.8-recommended": "58.1.0",
    "1.21.9-latest": "59.0.5",
    "1.21.10-latest": "60.0.17"
  }
}
[08Nov2025 21:18:57.419] [Forge Version Check/INFO] [net.minecraftforge.fml.VersionChecker/]: [forge] Found status: OUTDATED Current: 47.3.7 Target: 47.4.0
[08Nov2025 21:18:57.419] [Forge Version Check/INFO] [net.minecraftforge.fml.VersionChecker/]: [palladium] Starting version check at https://squirrelcontrol.threetag.net/api/forge_updates/threetag-palladium
[08Nov2025 21:18:57.820] [Forge Version Check/DEBUG] [net.minecraftforge.fml.VersionChecker/]: [palladium] Received version check data:
{"homepage":"https:\/\/modrinth.com\/mod\/threetag-palladium","promos":{"1.20.1-recommended":"4.3.3","1.20.1-latest":"4.3.3"}}
[08Nov2025 21:18:57.821] [Forge Version Check/INFO] [net.minecraftforge.fml.VersionChecker/]: [palladium] Found status: OUTDATED Current: 4.2.9 Target: 4.3.3
[08Nov2025 21:18:58.912] [main/INFO] [com.mojang.authlib.yggdrasil.YggdrasilAuthenticationService/]: Environment: authHost='https://authserver.mojang.com', accountsHost='https://api.mojang.com', sessionHost='https://sessionserver.mojang.com', servicesHost='https://api.minecraftservices.com', name='PROD'
[08Nov2025 21:19:00.516] [main/DEBUG] [mixin/]: Mixing GameRulesMixin from kubejs-common.mixins.json into net.minecraft.world.level.GameRules
[08Nov2025 21:19:00.572] [main/WARN] [net.minecraft.server.packs.VanillaPackResourcesBuilder/]: Assets URL 'union:/workspaces/team30/servidor_minecraft/libraries/net/minecraft/server/1.20.1-20230612.114412/server-1.20.1-20230612.114412-srg.jar%23115!/assets/.mcassetsroot' uses unexpected schema
[08Nov2025 21:19:00.574] [main/WARN] [net.minecraft.server.packs.VanillaPackResourcesBuilder/]: Assets URL 'union:/workspaces/team30/servidor_minecraft/libraries/net/minecraft/server/1.20.1-20230612.114412/server-1.20.1-20230612.114412-srg.jar%23115!/data/.mcassetsroot' uses unexpected schema
[08Nov2025 21:19:00.575] [main/ERROR] [net.minecraft.server.packs.VanillaPackResourcesBuilder/]: File /addon/.mcassetsroot does not exist in classpath
[08Nov2025 21:19:00.590] [main/DEBUG] [mixin/]: Mixing inject_resources.WorldLoaderPackConfigMixin from kubejs-common.mixins.json into net.minecraft.server.WorldLoader$PackConfig
[08Nov2025 21:19:00.604] [main/DEBUG] [mixin/]: Mixing reach.compat1204minus.compat119plus.ServerPlayerInteractionManagerMixin from pehkui.mixins.json into net.minecraft.server.level.ServerPlayerGameMode
[08Nov2025 21:19:00.635] [main/DEBUG] [net.minecraftforge.server.ServerLifecycleHooks/CORE]: Generating PackInfo named mod:rhino for mod file /workspaces/team30/servidor_minecraft/mods/rhino-forge-2001.2.3-build.10.jar
[08Nov2025 21:19:00.637] [main/DEBUG] [net.minecraftforge.server.ServerLifecycleHooks/CORE]: Generating PackInfo named mod:geckolib for mod file /workspaces/team30/servidor_minecraft/mods/geckolib-forge-1.20.1-4.8.2.jar
[08Nov2025 21:19:00.637] [main/DEBUG] [net.minecraftforge.server.ServerLifecycleHooks/CORE]: Generating PackInfo named mod:architectury for mod file /workspaces/team30/servidor_minecraft/mods/architectury-9.2.14-forge.jar
[08Nov2025 21:19:00.637] [main/DEBUG] [net.minecraftforge.server.ServerLifecycleHooks/CORE]: Generating PackInfo named mod:kubejs for mod file /workspaces/team30/servidor_minecraft/mods/kubejs-forge-2001.6.5-build.16.jar
[08Nov2025 21:19:00.638] [main/DEBUG] [net.minecraftforge.server.ServerLifecycleHooks/CORE]: Generating PackInfo named mod:playeranimator for mod file 
[08Nov2025 21:19:00.639] [main/DEBUG] [net.minecraftforge.server.ServerLifecycleHooks/CORE]: Generating PackInfo named mod:palladiumcore for mod file 
[08Nov2025 21:19:00.639] [main/DEBUG] [net.minecraftforge.server.ServerLifecycleHooks/CORE]: Generating PackInfo named mod:pehkui for mod file /workspaces/team30/servidor_minecraft/mods/Pehkui-3.8.2+1.20.1-forge.jar
[08Nov2025 21:19:00.639] [main/DEBUG] [net.minecraftforge.server.ServerLifecycleHooks/CORE]: Generating PackInfo named mod:alienevo for mod file /workspaces/team30/servidor_minecraft/mods/AlienEvo-1.1.1-forge.jar
[08Nov2025 21:19:00.640] [main/DEBUG] [net.minecraftforge.server.ServerLifecycleHooks/CORE]: Generating PackInfo named mod:forge for mod file /workspaces/team30/servidor_minecraft/libraries/net/minecraftforge/forge/1.20.1-47.3.7/forge-1.20.1-47.3.7-universal.jar
[08Nov2025 21:19:00.640] [main/DEBUG] [net.minecraftforge.server.ServerLifecycleHooks/CORE]: Generating PackInfo named mod:palladium for mod file /workspaces/team30/servidor_minecraft/mods/palladium-4.2.9+1.20.1-forge.jar
[08Nov2025 21:19:00.671] [main/ERROR] [net.minecraft.server.packs.AbstractPackResources/]: Couldn't load pack metadata
com.google.gson.JsonSyntaxException: Missing pack_format, expected to find a Int
	at net.minecraft.util.GsonHelper.m_13927_(GsonHelper.java:277) ~[server-1.20.1-20230612.114412-srg.jar%23115!/:?]
	at net.minecraft.server.packs.metadata.pack.PackMetadataSectionSerializer.m_6322_(PackMetadataSectionSerializer.java:15) ~[server-1.20.1-20230612.114412-srg.jar%23115!/:?]
	at net.minecraft.server.packs.metadata.pack.PackMetadataSectionSerializer.m_6322_(PackMetadataSectionSerializer.java:9) ~[server-1.20.1-20230612.114412-srg.jar%23115!/:?]
	at net.minecraft.server.packs.AbstractPackResources.m_10214_(AbstractPackResources.java:52) ~[server-1.20.1-20230612.114412-srg.jar%23115!/:?]
	at net.minecraft.server.packs.AbstractPackResources.m_5550_(AbstractPackResources.java:33) ~[server-1.20.1-20230612.114412-srg.jar%23115!/:?]
	at net.minecraft.server.packs.repository.Pack.m_246334_(Pack.java:60) ~[server-1.20.1-20230612.114412-srg.jar%23115!/:?]
	at net.minecraft.server.packs.repository.Pack.m_245429_(Pack.java:35) ~[server-1.20.1-20230612.114412-srg.jar%23115!/:?]
	at net.threetag.palladium.addonpack.forge.AddonPackManagerImpl$ModPackSource.m_7686_(AddonPackManagerImpl.java:49) ~[palladium-4.2.9+1.20.1-forge.jar%23111!/:4.2.9+1.20.1]
	at net.minecraft.server.packs.repository.PackRepository.m_10526_(PackRepository.java:39) ~[server-1.20.1-20230612.114412-srg.jar%23115!/:?]
	at net.minecraft.server.packs.repository.PackRepository.m_10506_(PackRepository.java:31) ~[server-1.20.1-20230612.114412-srg.jar%23115!/:?]
	at dev.latvian.mods.kubejs.script.ScriptManager.handler$zin000$loadFromDirectory(ScriptManager.java:537) ~[kubejs-forge-2001.6.5-build.16.jar%23110!/:2001.6.5-build.16]
	at dev.latvian.mods.kubejs.script.ScriptManager.loadFromDirectory(ScriptManager.java:150) ~[kubejs-forge-2001.6.5-build.16.jar%23110!/:2001.6.5-build.16]
	at dev.latvian.mods.kubejs.script.ScriptManager.reload(ScriptManager.java:72) ~[kubejs-forge-2001.6.5-build.16.jar%23110!/:2001.6.5-build.16]
	at dev.latvian.mods.kubejs.server.ServerScriptManager.wrapResourceManager(ServerScriptManager.java:85) ~[kubejs-forge-2001.6.5-build.16.jar%23110!/:2001.6.5-build.16]
	at net.minecraft.server.WorldLoader$PackConfig.localvar$zbd000$injectKubeJSPacks(WorldLoader.java:515) ~[server-1.20.1-20230612.114412-srg.jar%23115!/:?]
	at net.minecraft.server.WorldLoader$PackConfig.m_214399_(WorldLoader.java:80) ~[server-1.20.1-20230612.114412-srg.jar%23115!/:?]
	at net.minecraft.server.WorldLoader.m_214362_(WorldLoader.java:28) ~[server-1.20.1-20230612.114412-srg.jar%23115!/:?]
	at net.minecraft.server.Main.lambda$main$2(Main.java:167) ~[server-1.20.1-20230612.114412-srg.jar%23115!/:?]
	at net.minecraft.Util.m_214652_(Util.java:777) ~[server-1.20.1-20230612.114412-srg.jar%23115!/:?]
	at net.minecraft.Util.m_214679_(Util.java:772) ~[server-1.20.1-20230612.114412-srg.jar%23115!/:?]
	at net.minecraft.server.Main.main(Main.java:166) ~[server-1.20.1-20230612.114412-srg.jar%23115!/:?]
	at jdk.internal.reflect.NativeMethodAccessorImpl.invoke0(Native Method) ~[?:?]
	at jdk.internal.reflect.NativeMethodAccessorImpl.invoke(NativeMethodAccessorImpl.java:77) ~[?:?]
	at jdk.internal.reflect.DelegatingMethodAccessorImpl.invoke(DelegatingMethodAccessorImpl.java:43) ~[?:?]
	at java.lang.reflect.Method.invoke(Method.java:569) ~[?:?]
	at net.minecraftforge.fml.loading.targets.CommonLaunchHandler.runTarget(CommonLaunchHandler.java:111) ~[fmlloader-1.20.1-47.3.7.jar%2369!/:?]
	at net.minecraftforge.fml.loading.targets.CommonLaunchHandler.serverService(CommonLaunchHandler.java:103) ~[fmlloader-1.20.1-47.3.7.jar%2369!/:?]
	at net.minecraftforge.fml.loading.targets.CommonServerLaunchHandler.lambda$makeService$0(CommonServerLaunchHandler.java:27) ~[fmlloader-1.20.1-47.3.7.jar%2369!/:?]
	at cpw.mods.modlauncher.LaunchServiceHandlerDecorator.launch(LaunchServiceHandlerDecorator.java:30) ~[modlauncher-10.0.9.jar%2355!/:?]
	at cpw.mods.modlauncher.LaunchServiceHandler.launch(LaunchServiceHandler.java:53) ~[modlauncher-10.0.9.jar%2355!/:?]
	at cpw.mods.modlauncher.LaunchServiceHandler.launch(LaunchServiceHandler.java:71) ~[modlauncher-10.0.9.jar%2355!/:?]
	at cpw.mods.modlauncher.Launcher.run(Launcher.java:108) ~[modlauncher-10.0.9.jar%2355!/:?]
	at cpw.mods.modlauncher.Launcher.main(Launcher.java:78) ~[modlauncher-10.0.9.jar%2355!/:?]
	at cpw.mods.modlauncher.BootstrapLaunchConsumer.accept(BootstrapLaunchConsumer.java:26) ~[modlauncher-10.0.9.jar%2355!/:?]
	at cpw.mods.modlauncher.BootstrapLaunchConsumer.accept(BootstrapLaunchConsumer.java:23) ~[modlauncher-10.0.9.jar%2355!/:?]
	at cpw.mods.bootstraplauncher.BootstrapLauncher.main(BootstrapLauncher.java:141) ~[bootstraplauncher-1.1.2.jar:?]
[08Nov2025 21:19:00.680] [main/WARN] [net.minecraft.server.packs.repository.Pack/]: Missing metadata in pack mod:minecraft
[08Nov2025 21:19:00.772] [main/INFO] [KubeJS Server/]: example.js#5: Hello, World! (Loaded server scripts)
[08Nov2025 21:19:00.773] [main/INFO] [KubeJS Server/]: Loaded script server_scripts:example.js in 0.004 s
[08Nov2025 21:19:00.776] [main/INFO] [KubeJS Server/]: Loaded script addonpack_alienevo:kubejs_scripts/xp.js in 0.003 s
[08Nov2025 21:19:00.779] [main/INFO] [KubeJS Server/]: Loaded script addonpack_alienevo:kubejs_scripts/workbench_items.js in 0.001 s
[08Nov2025 21:19:00.847] [main/INFO] [KubeJS Server/]: Loaded script addonpack_alienevo:kubejs_scripts/workbench.js in 0.064 s
[08Nov2025 21:19:00.860] [main/INFO] [KubeJS Server/]: addonpack_alienevo:kubejs_scripts/slam.js#3: Loaded Java class 'net.minecraft.core.particles.DustParticleOptions'
[08Nov2025 21:19:00.864] [main/INFO] [KubeJS Server/]: addonpack_alienevo:kubejs_scripts/slam.js#4: Loaded Java class 'org.joml.Vector3f'
[08Nov2025 21:19:00.867] [main/INFO] [KubeJS Server/]: Loaded script addonpack_alienevo:kubejs_scripts/slam.js in 0.015 s
[08Nov2025 21:19:00.868] [main/INFO] [KubeJS Server/]: Loaded script addonpack_alienevo:kubejs_scripts/server_stuff.js in 0.001 s
[08Nov2025 21:19:00.874] [main/INFO] [KubeJS Server/]: Loaded script addonpack_alienevo:kubejs_scripts/ride.js in 0.006 s
[08Nov2025 21:19:00.874] [main/INFO] [KubeJS Server/]: Loaded script addonpack_alienevo:kubejs_scripts/recipes.js in 0.0 s
[08Nov2025 21:19:00.883] [main/INFO] [KubeJS Server/]: Loaded script addonpack_alienevo:kubejs_scripts/quick_change.js in 0.008 s
[08Nov2025 21:19:00.890] [main/INFO] [KubeJS Server/]: Loaded script addonpack_alienevo:kubejs_scripts/pod_loot.js in 0.004 s
[08Nov2025 21:19:00.910] [main/INFO] [KubeJS Server/]: Loaded script addonpack_alienevo:kubejs_scripts/playlist_command.js in 0.016 s
[08Nov2025 21:19:00.917] [main/INFO] [KubeJS Server/]: Loaded script addonpack_alienevo:kubejs_scripts/palladium_properties.js in 0.006 s
[08Nov2025 21:19:00.918] [main/INFO] [KubeJS Server/]: Loaded script addonpack_alienevo:kubejs_scripts/nickname_command.js in 0.0 s
[08Nov2025 21:19:00.926] [main/INFO] [KubeJS Server/]: Loaded script addonpack_alienevo:kubejs_scripts/level_command.js in 0.005 s
[08Nov2025 21:19:00.941] [main/INFO] [KubeJS Server/]: addonpack_alienevo:kubejs_scripts/hit.js#101: Loaded Java class 'net.minecraft.world.entity.LivingEntity'
[08Nov2025 21:19:00.949] [main/INFO] [KubeJS Server/]: addonpack_alienevo:kubejs_scripts/hit.js#102: Loaded Java class 'net.minecraft.world.entity.decoration.ArmorStand'
[08Nov2025 21:19:00.957] [main/INFO] [KubeJS Server/]: addonpack_alienevo:kubejs_scripts/hit.js#103: Loaded Java class 'net.minecraft.world.entity.projectile.Projectile'
[08Nov2025 21:19:00.958] [main/INFO] [KubeJS Server/]: addonpack_alienevo:kubejs_scripts/hit.js#145: Loaded Java class 'net.minecraft.resources.ResourceKey'
[08Nov2025 21:19:00.959] [main/INFO] [KubeJS Server/]: addonpack_alienevo:kubejs_scripts/hit.js#146: Loaded Java class 'net.minecraft.tags.TagKey'
[08Nov2025 21:19:00.962] [main/INFO] [KubeJS Server/]: Loaded script addonpack_alienevo:kubejs_scripts/hit.js in 0.034 s
[08Nov2025 21:19:00.963] [main/INFO] [KubeJS Server/]: Loaded script addonpack_alienevo:kubejs_scripts/fall.js in 0.001 s
[08Nov2025 21:19:00.968] [main/INFO] [KubeJS Server/]: Loaded script addonpack_alienevo:kubejs_scripts/failsafe.js in 0.005 s
[08Nov2025 21:19:00.969] [main/INFO] [KubeJS Server/]: Loaded script addonpack_alienevo:kubejs_scripts/color_commands.js in 0.001 s
[08Nov2025 21:19:00.984] [main/INFO] [KubeJS Server/]: Loaded script addonpack_alienevo:kubejs_scripts/code_hints.js in 0.013 s
[08Nov2025 21:19:00.985] [main/INFO] [KubeJS Server/]: Loaded script addonpack_alienevo:kubejs_scripts/break_block.js in 0.0 s
[08Nov2025 21:19:00.985] [main/INFO] [KubeJS Server/]: Loaded script addonpack_alienevo:kubejs_scripts/behind.js in 0.0 s
[08Nov2025 21:19:00.989] [main/INFO] [KubeJS Server/]: addonpack_alienevo:kubejs_scripts/attributes.js#1: Loaded Java class 'net.minecraft.world.entity.ai.attributes.Attributes'
[08Nov2025 21:19:00.991] [main/INFO] [KubeJS Server/]: Loaded script addonpack_alienevo:kubejs_scripts/attributes.js in 0.004 s
[08Nov2025 21:19:00.992] [main/INFO] [KubeJS Server/]: Loaded 22/22 KubeJS server scripts in 0.273 s with 0 errors and 0 warnings
[08Nov2025 21:19:00.995] [main/INFO] [KubeJS Server/]: Scripts loaded
[08Nov2025 21:19:01.029] [main/INFO] [KubeJS Server/]: Initializing recipe event...
[08Nov2025 21:19:02.491] [main/DEBUG] [mixin/]: Mixing MixinLootDataManager from architectury.mixins.json into net.minecraft.world.level.storage.loot.LootDataManager
[08Nov2025 21:19:02.493] [main/DEBUG] [mixin/]: Mixing LootTablesMixin from kubejs-common.mixins.json into net.minecraft.world.level.storage.loot.LootDataManager
[08Nov2025 21:19:02.514] [main/DEBUG] [mixin/]: Mixing TagManagerMixin from kubejs-common.mixins.json into net.minecraft.tags.TagManager
[08Nov2025 21:19:02.560] [main/DEBUG] [mixin/]: Mixing DataCommandInvoker$Get from pehkui.mixins.json into net.minecraft.server.commands.data.DataCommands
[08Nov2025 21:19:02.561] [main/DEBUG] [mixin/]: Renaming @Invoker method callExecuteGet(Lnet/minecraft/commands/CommandSourceStack;Lnet/minecraft/server/commands/data/DataAccessor;)I to callExecuteGet_$md$fca6ce$0 in pehkui.mixins.json:DataCommandInvoker$Get
[08Nov2025 21:19:02.561] [main/DEBUG] [mixin/]: Mixing DataCommandInvoker$Path from pehkui.mixins.json into net.minecraft.server.commands.data.DataCommands
[08Nov2025 21:19:02.561] [main/DEBUG] [mixin/]: Renaming @Invoker method callExecuteGet(Lnet/minecraft/commands/CommandSourceStack;Lnet/minecraft/server/commands/data/DataAccessor;Lnet/minecraft/commands/arguments/NbtPathArgument$NbtPath;)I to callExecuteGet_$md$fca6ce$1 in pehkui.mixins.json:DataCommandInvoker$Path
[08Nov2025 21:19:02.561] [main/DEBUG] [mixin/]: Mixing DataCommandInvoker$Scaled from pehkui.mixins.json into net.minecraft.server.commands.data.DataCommands
[08Nov2025 21:19:02.561] [main/DEBUG] [mixin/]: Renaming @Invoker method callExecuteGet(Lnet/minecraft/commands/CommandSourceStack;Lnet/minecraft/server/commands/data/DataAccessor;Lnet/minecraft/commands/arguments/NbtPathArgument$NbtPath;D)I to callExecuteGet_$md$fca6ce$2 in pehkui.mixins.json:DataCommandInvoker$Scaled
[08Nov2025 21:19:02.710] [main/DEBUG] [net.minecraftforge.coremod.transformer.CoreModBaseTransformer/COREMOD]: Transforming net/minecraft/server/commands/SummonCommand
[08Nov2025 21:19:03.130] [main/DEBUG] [mixin/]: Mixing TagLoaderMixin from kubejs-common.mixins.json into net.minecraft.tags.TagLoader
[08Nov2025 21:19:03.137] [main/DEBUG] [mixin/]: Mixing RecipeManagerAccessor from kubejs-forge.mixins.json into net.minecraft.world.item.crafting.RecipeManager
[08Nov2025 21:19:03.137] [main/DEBUG] [mixin/]: Mixing RecipeManagerMixin from kubejs-common.mixins.json into net.minecraft.world.item.crafting.RecipeManager
[08Nov2025 21:19:03.269] [Worker-Main-1/INFO] [KubeJS Server/]: [minecraft:item] Found 308 tags, added 4 objects, removed 0 objects
[08Nov2025 21:19:03.366] [Worker-Main-1/ERROR] [net.minecraft.tags.TagLoader/]: Couldn't load tag alienevo:evoastra as it is missing following references: ad_astra:oxygen (from AlienEvo-1.1.1-forge.jar)
[08Nov2025 21:19:03.424] [Worker-Main-1/INFO] [KubeJS Server/]: [minecraft:block] Found 294 tags, added 13 objects, removed 0 objects
[08Nov2025 21:19:03.675] [Worker-Main-1/DEBUG] [mixin/]: Mixing NbtPredicateMixin from pehkui.mixins.json into net.minecraft.advancements.critereon.NbtPredicate
[08Nov2025 21:19:03.731] [Worker-Main-1/DEBUG] [net.minecraftforge.coremod.transformer.CoreModBaseTransformer/COREMOD]: Transforming net/minecraft/world/entity/raid/Raid
[08Nov2025 21:19:04.724] [main/INFO] [net.threetag.palladium.Palladium/]: Loaded 0 loot table modifications
[08Nov2025 21:19:04.769] [main/INFO] [KubeJS Server/]: Processing recipes...
[08Nov2025 21:19:04.780] [main/DEBUG] [mixin/]: Mixing IngredientTagValueMixin from kubejs-common.mixins.json into net.minecraft.world.item.crafting.Ingredient$TagValue
[08Nov2025 21:19:04.953] [main/INFO] [KubeJS Server/]: Found 1228 recipes in 178.2 ms
[08Nov2025 21:19:04.964] [main/INFO] [KubeJS Server/]: Posted recipe events in 9.736 ms
[08Nov2025 21:19:05.082] [main/INFO] [KubeJS Server/]: Added 5 recipes, removed 0 recipes, modified 0 recipes, with 0 failed recipes in 111.6 ms
[08Nov2025 21:19:05.344] [main/INFO] [net.minecraft.advancements.AdvancementList/]: Loaded 1321 advancements
[08Nov2025 21:19:05.380] [main/WARN] [net.threetag.palladium.Palladium/]: 'under_water' condition found, please use 'is_under_water' instead!
[08Nov2025 21:19:05.394] [main/ERROR] [net.threetag.palladium.Palladium/]: Parsing error loading power alienevo:code_power_test
com.google.gson.JsonParseException: Ability 'alienevo:generate_random' does not exist!
	at net.threetag.palladium.power.ability.AbilityConfiguration.fromJSON(AbilityConfiguration.java:192) ~[palladium-4.2.9+1.20.1-forge.jar%23111!/:4.2.9+1.20.1]
	at net.threetag.palladium.power.Power.fromJSON(Power.java:186) ~[palladium-4.2.9+1.20.1-forge.jar%23111!/:4.2.9+1.20.1]
	at net.threetag.palladium.power.PowerManager.lambda$apply$3(PowerManager.java:82) ~[palladium-4.2.9+1.20.1-forge.jar%23111!/:4.2.9+1.20.1]
	at java.util.HashMap.forEach(HashMap.java:1421) ~[?:?]
	at net.threetag.palladium.power.PowerManager.apply(PowerManager.java:80) ~[palladium-4.2.9+1.20.1-forge.jar%23111!/:4.2.9+1.20.1]
	at net.threetag.palladium.power.PowerManager.m_5787_(PowerManager.java:31) ~[palladium-4.2.9+1.20.1-forge.jar%23111!/:4.2.9+1.20.1]
	at net.minecraft.server.packs.resources.SimplePreparableReloadListener.m_10789_(SimplePreparableReloadListener.java:13) ~[server-1.20.1-20230612.114412-srg.jar%23115!/:?]
	at java.util.concurrent.CompletableFuture$UniAccept.tryFire(CompletableFuture.java:718) ~[?:?]
	at java.util.concurrent.CompletableFuture$Completion.run(CompletableFuture.java:482) ~[?:?]
	at net.minecraft.server.packs.resources.SimpleReloadInstance.m_143940_(SimpleReloadInstance.java:69) ~[server-1.20.1-20230612.114412-srg.jar%23115!/:?]
	at net.minecraft.Util.m_214652_(Util.java:783) ~[server-1.20.1-20230612.114412-srg.jar%23115!/:?]
	at net.minecraft.Util.m_214679_(Util.java:772) ~[server-1.20.1-20230612.114412-srg.jar%23115!/:?]
	at net.minecraft.server.Main.main(Main.java:166) ~[server-1.20.1-20230612.114412-srg.jar%23115!/:?]
	at jdk.internal.reflect.NativeMethodAccessorImpl.invoke0(Native Method) ~[?:?]
	at jdk.internal.reflect.NativeMethodAccessorImpl.invoke(NativeMethodAccessorImpl.java:77) ~[?:?]
	at jdk.internal.reflect.DelegatingMethodAccessorImpl.invoke(DelegatingMethodAccessorImpl.java:43) ~[?:?]
	at java.lang.reflect.Method.invoke(Method.java:569) ~[?:?]
	at net.minecraftforge.fml.loading.targets.CommonLaunchHandler.runTarget(CommonLaunchHandler.java:111) ~[fmlloader-1.20.1-47.3.7.jar%2369!/:?]
	at net.minecraftforge.fml.loading.targets.CommonLaunchHandler.serverService(CommonLaunchHandler.java:103) ~[fmlloader-1.20.1-47.3.7.jar%2369!/:?]
	at net.minecraftforge.fml.loading.targets.CommonServerLaunchHandler.lambda$makeService$0(CommonServerLaunchHandler.java:27) ~[fmlloader-1.20.1-47.3.7.jar%2369!/:?]
	at cpw.mods.modlauncher.LaunchServiceHandlerDecorator.launch(LaunchServiceHandlerDecorator.java:30) ~[modlauncher-10.0.9.jar%2355!/:?]
	at cpw.mods.modlauncher.LaunchServiceHandler.launch(LaunchServiceHandler.java:53) ~[modlauncher-10.0.9.jar%2355!/:?]
	at cpw.mods.modlauncher.LaunchServiceHandler.launch(LaunchServiceHandler.java:71) ~[modlauncher-10.0.9.jar%2355!/:?]
	at cpw.mods.modlauncher.Launcher.run(Launcher.java:108) ~[modlauncher-10.0.9.jar%2355!/:?]
	at cpw.mods.modlauncher.Launcher.main(Launcher.java:78) ~[modlauncher-10.0.9.jar%2355!/:?]
	at cpw.mods.modlauncher.BootstrapLaunchConsumer.accept(BootstrapLaunchConsumer.java:26) ~[modlauncher-10.0.9.jar%2355!/:?]
	at cpw.mods.modlauncher.BootstrapLaunchConsumer.accept(BootstrapLaunchConsumer.java:23) ~[modlauncher-10.0.9.jar%2355!/:?]
	at cpw.mods.bootstraplauncher.BootstrapLauncher.main(BootstrapLauncher.java:141) ~[bootstraplauncher-1.1.2.jar:?]
[08Nov2025 21:19:05.440] [main/INFO] [net.threetag.palladium.Palladium/]: Loaded 62 powers
[08Nov2025 21:19:05.443] [main/INFO] [net.threetag.palladium.Palladium/]: Loaded 1 item powers
[08Nov2025 21:19:05.443] [main/INFO] [net.threetag.palladium.Palladium/]: Loaded 0 suit set powers
[08Nov2025 21:19:05.444] [main/INFO] [net.threetag.palladium.Palladium/]: Registered 69 objectives to be tracked
[08Nov2025 21:19:06.099] [main/DEBUG] [net.minecraftforge.common.ForgeHooks/WP]: Gathering id map for writing to world save world
[08Nov2025 21:19:06.122] [main/DEBUG] [net.minecraftforge.common.ForgeHooks/WP]: ID Map collection complete world
[08Nov2025 21:19:06.227] [Server thread/INFO] [net.minecraft.server.dedicated.DedicatedServer/]: Starting minecraft server version 1.20.1
[08Nov2025 21:19:06.228] [Server thread/INFO] [net.minecraft.server.dedicated.DedicatedServer/]: Loading properties
[08Nov2025 21:19:06.229] [Server thread/INFO] [net.minecraft.server.dedicated.DedicatedServer/]: Default game type: SURVIVAL
[08Nov2025 21:19:06.229] [Server thread/INFO] [net.minecraft.server.MinecraftServer/]: Generating keypair
[08Nov2025 21:19:06.499] [Server thread/INFO] [net.minecraft.server.dedicated.DedicatedServer/]: Starting Minecraft server on *:25565
[08Nov2025 21:19:06.500] [Server thread/DEBUG] [net.minecraftforge.network.DualStackUtils/]: Detected IPv6 address: "0:0:0:0:0:0:0:0"
[08Nov2025 21:19:06.518] [Server thread/DEBUG] [io.netty.util.internal.NativeLibraryLoader/]: -Dio.netty.native.workdir: /tmp (io.netty.tmpdir)
[08Nov2025 21:19:06.518] [Server thread/DEBUG] [io.netty.util.internal.NativeLibraryLoader/]: -Dio.netty.native.deleteLibAfterLoading: true
[08Nov2025 21:19:06.518] [Server thread/DEBUG] [io.netty.util.internal.NativeLibraryLoader/]: -Dio.netty.native.tryPatchShadedId: true
[08Nov2025 21:19:06.518] [Server thread/DEBUG] [io.netty.util.internal.NativeLibraryLoader/]: -Dio.netty.native.detectNativeLibraryDuplicates: true
[08Nov2025 21:19:06.530] [Server thread/DEBUG] [io.netty.util.internal.NativeLibraryLoader/]: Successfully loaded the library /tmp/libnetty_transport_native_epoll_x86_644502505201061455552.so
[08Nov2025 21:19:06.535] [Server thread/DEBUG] [io.netty.util.NetUtil/]: -Djava.net.preferIPv4Stack: false
[08Nov2025 21:19:06.535] [Server thread/DEBUG] [io.netty.util.NetUtil/]: -Djava.net.preferIPv6Addresses: true
[08Nov2025 21:19:06.538] [Server thread/DEBUG] [io.netty.util.NetUtilInitializations/]: Loopback interface: lo (lo, 0:0:0:0:0:0:0:1%lo)
[08Nov2025 21:19:06.541] [Server thread/DEBUG] [io.netty.util.NetUtil/]: /proc/sys/net/core/somaxconn: 4096
[08Nov2025 21:19:06.546] [Server thread/INFO] [net.minecraft.server.network.ServerConnectionListener/]: Using epoll channel type
[08Nov2025 21:19:06.572] [Server thread/DEBUG] [io.netty.channel.MultithreadEventLoopGroup/]: -Dio.netty.eventLoopThreads: 4
[08Nov2025 21:19:06.598] [Server thread/DEBUG] [io.netty.util.internal.InternalThreadLocalMap/]: -Dio.netty.threadLocalMap.stringBuilder.initialSize: 1024
[08Nov2025 21:19:06.598] [Server thread/DEBUG] [io.netty.util.internal.InternalThreadLocalMap/]: -Dio.netty.threadLocalMap.stringBuilder.maxSize: 4096
[08Nov2025 21:19:06.615] [Server thread/DEBUG] [io.netty.util.internal.PlatformDependent/]: org.jctools-core.MpscChunkedArrayQueue: available
[08Nov2025 21:19:06.625] [Server thread/DEBUG] [io.netty.channel.DefaultChannelId/]: -Dio.netty.processId: 13017 (auto-detected)
[08Nov2025 21:19:06.626] [Server thread/DEBUG] [io.netty.channel.DefaultChannelId/]: -Dio.netty.machineId: 7c:1e:52:ff:fe:df:81:be (auto-detected)
[08Nov2025 21:19:06.669] [Server thread/DEBUG] [io.netty.buffer.PooledByteBufAllocator/]: -Dio.netty.allocator.numHeapArenas: 4
[08Nov2025 21:19:06.669] [Server thread/DEBUG] [io.netty.buffer.PooledByteBufAllocator/]: -Dio.netty.allocator.numDirectArenas: 4
[08Nov2025 21:19:06.669] [Server thread/DEBUG] [io.netty.buffer.PooledByteBufAllocator/]: -Dio.netty.allocator.pageSize: 8192
[08Nov2025 21:19:06.669] [Server thread/DEBUG] [io.netty.buffer.PooledByteBufAllocator/]: -Dio.netty.allocator.maxOrder: 9
[08Nov2025 21:19:06.669] [Server thread/DEBUG] [io.netty.buffer.PooledByteBufAllocator/]: -Dio.netty.allocator.chunkSize: 4194304
[08Nov2025 21:19:06.669] [Server thread/DEBUG] [io.netty.buffer.PooledByteBufAllocator/]: -Dio.netty.allocator.smallCacheSize: 256
[08Nov2025 21:19:06.669] [Server thread/DEBUG] [io.netty.buffer.PooledByteBufAllocator/]: -Dio.netty.allocator.normalCacheSize: 64
[08Nov2025 21:19:06.669] [Server thread/DEBUG] [io.netty.buffer.PooledByteBufAllocator/]: -Dio.netty.allocator.maxCachedBufferCapacity: 32768
[08Nov2025 21:19:06.669] [Server thread/DEBUG] [io.netty.buffer.PooledByteBufAllocator/]: -Dio.netty.allocator.cacheTrimInterval: 8192
[08Nov2025 21:19:06.671] [Server thread/DEBUG] [io.netty.buffer.PooledByteBufAllocator/]: -Dio.netty.allocator.cacheTrimIntervalMillis: 0
[08Nov2025 21:19:06.671] [Server thread/DEBUG] [io.netty.buffer.PooledByteBufAllocator/]: -Dio.netty.allocator.useCacheForAllThreads: false
[08Nov2025 21:19:06.671] [Server thread/DEBUG] [io.netty.buffer.PooledByteBufAllocator/]: -Dio.netty.allocator.maxCachedByteBuffersPerChunk: 1023
[08Nov2025 21:19:06.684] [Server thread/DEBUG] [io.netty.buffer.ByteBufUtil/]: -Dio.netty.allocator.type: pooled
[08Nov2025 21:19:06.684] [Server thread/DEBUG] [io.netty.buffer.ByteBufUtil/]: -Dio.netty.threadLocalDirectBufferSize: 0
[08Nov2025 21:19:06.684] [Server thread/DEBUG] [io.netty.buffer.ByteBufUtil/]: -Dio.netty.maxThreadLocalCharBufferSize: 16384
[08Nov2025 21:19:06.704] [Server thread/WARN] [net.minecraft.server.dedicated.DedicatedServer/]: **** SERVER IS RUNNING IN OFFLINE/INSECURE MODE!
[08Nov2025 21:19:06.706] [Server thread/WARN] [net.minecraft.server.dedicated.DedicatedServer/]: The server will make no attempt to authenticate usernames. Beware.
[08Nov2025 21:19:06.707] [Server thread/WARN] [net.minecraft.server.dedicated.DedicatedServer/]: While this makes the game possible to play without internet access, it also opens up the ability for hackers to connect with any username they choose.
[08Nov2025 21:19:06.708] [Server thread/WARN] [net.minecraft.server.dedicated.DedicatedServer/]: To change this, set "online-mode" to "true" in the server.properties file.
[08Nov2025 21:19:06.734] [Server thread/DEBUG] [net.minecraftforge.fml.config.ConfigTracker/CONFIG]: Loading configs type SERVER
[08Nov2025 21:19:06.734] [Server thread/DEBUG] [net.minecraftforge.fml.config.ConfigFileTypeHandler/CONFIG]: Built TOML config for ./world/serverconfig/pehkui-server.toml
[08Nov2025 21:19:06.738] [Server thread/DEBUG] [net.minecraftforge.fml.config.ConfigFileTypeHandler/CONFIG]: Loaded TOML config file ./world/serverconfig/pehkui-server.toml
[08Nov2025 21:19:06.739] [Server thread/DEBUG] [net.minecraftforge.fml.config.ConfigFileTypeHandler/CONFIG]: Watching TOML config file ./world/serverconfig/pehkui-server.toml for changes
[08Nov2025 21:19:06.741] [Thread-1/DEBUG] [net.minecraftforge.fml.config.ConfigFileTypeHandler/CONFIG]: Config file pehkui-server.toml changed, sending notifies
[08Nov2025 21:19:06.747] [Server thread/DEBUG] [net.minecraftforge.fml.config.ConfigFileTypeHandler/CONFIG]: Built TOML config for ./world/serverconfig/forge-server.toml
[08Nov2025 21:19:06.747] [Server thread/DEBUG] [net.minecraftforge.fml.config.ConfigFileTypeHandler/CONFIG]: Loaded TOML config file ./world/serverconfig/forge-server.toml
[08Nov2025 21:19:06.750] [Thread-1/DEBUG] [net.minecraftforge.fml.config.ConfigFileTypeHandler/CONFIG]: Config file pehkui-server.toml changed, sending notifies
[08Nov2025 21:19:06.750] [Server thread/DEBUG] [net.minecraftforge.fml.config.ConfigFileTypeHandler/CONFIG]: Watching TOML config file ./world/serverconfig/forge-server.toml for changes
[08Nov2025 21:19:06.750] [Server thread/DEBUG] [net.minecraftforge.common.ForgeConfig/FORGEMOD]: Loaded forge config file forge-server.toml
[08Nov2025 21:19:06.751] [Server thread/DEBUG] [net.minecraftforge.fml.config.ConfigFileTypeHandler/CONFIG]: Built TOML config for ./world/serverconfig/palladium-server.toml
[08Nov2025 21:19:06.751] [Server thread/DEBUG] [net.minecraftforge.fml.config.ConfigFileTypeHandler/CONFIG]: Loaded TOML config file ./world/serverconfig/palladium-server.toml
[08Nov2025 21:19:06.751] [Server thread/DEBUG] [net.minecraftforge.fml.config.ConfigFileTypeHandler/CONFIG]: Watching TOML config file ./world/serverconfig/palladium-server.toml for changes
[08Nov2025 21:19:06.752] [Thread-1/DEBUG] [net.minecraftforge.fml.config.ConfigFileTypeHandler/CONFIG]: Config file palladium-server.toml changed, sending notifies
[08Nov2025 21:19:06.752] [Thread-1/DEBUG] [net.minecraftforge.fml.config.ConfigFileTypeHandler/CONFIG]: Config file palladium-server.toml changed, sending notifies
[08Nov2025 21:19:06.805] [Server thread/INFO] [net.minecraft.server.dedicated.DedicatedServer/]: Preparing level "world"
[08Nov2025 21:19:06.817] [Server thread/DEBUG] [net.minecraftforge.coremod.transformer.CoreModBaseTransformer/COREMOD]: Transforming net/minecraft/world/level/levelgen/PhantomSpawner
[08Nov2025 21:19:06.845] [Server thread/DEBUG] [net.minecraftforge.coremod.transformer.CoreModBaseTransformer/COREMOD]: Transforming net/minecraft/world/level/levelgen/PatrolSpawner
[08Nov2025 21:19:06.867] [Server thread/DEBUG] [net.minecraftforge.coremod.transformer.CoreModBaseTransformer/COREMOD]: Transforming net/minecraft/world/entity/npc/CatSpawner
[08Nov2025 21:19:06.879] [Server thread/DEBUG] [net.minecraftforge.coremod.transformer.CoreModBaseTransformer/COREMOD]: Transforming net/minecraft/world/entity/ai/village/VillageSiege
[08Nov2025 21:19:06.903] [Server thread/DEBUG] [mixin/]: Mixing compat1201minus.compat117plus.ServerChunkManagerMixin from pehkui.mixins.json into net.minecraft.server.level.ServerChunkCache
[08Nov2025 21:19:06.972] [Server thread/DEBUG] [mixin/]: Mixing compat1201minus.compat116plus.ThreadedAnvilChunkStorageMixin from pehkui.mixins.json into net.minecraft.server.level.ChunkMap
[08Nov2025 21:19:13.722] [Server thread/INFO] [net.minecraft.server.MinecraftServer/]: Preparing start region for dimension minecraft:overworld
[08Nov2025 21:19:13.735] [Server thread/INFO] [KubeJS Server/]: Server resource reload complete!
[08Nov2025 21:19:13.784] [Server thread/DEBUG] [mixin/]: Mixing compat1201minus.compat116plus.ChunkHolderAccessor from pehkui.mixins.json into net.minecraft.server.level.ChunkHolder
[08Nov2025 21:19:16.195] [Server thread/DEBUG] [mixin/]: Mixing MixinChunkSerializer from architectury.mixins.json into net.minecraft.world.level.chunk.storage.ChunkSerializer
[08Nov2025 21:19:18.216] [Server thread/DEBUG] [net.minecraftforge.coremod.transformer.CoreModBaseTransformer/COREMOD]: Transforming net/minecraft/world/level/levelgen/structure/templatesystem/StructureTemplate
[08Nov2025 21:19:18.578] [Worker-Main-1/INFO] [net.minecraft.server.level.progress.LoggerChunkProgressListener/]: Preparing spawn area: 0%
[08Nov2025 21:19:18.703] [Worker-Main-1/INFO] [net.minecraft.server.level.progress.LoggerChunkProgressListener/]: Preparing spawn area: 0%
[08Nov2025 21:19:18.738] [Worker-Main-1/INFO] [net.minecraft.server.level.progress.LoggerChunkProgressListener/]: Preparing spawn area: 0%
[08Nov2025 21:19:18.752] [Worker-Main-1/INFO] [net.minecraft.server.level.progress.LoggerChunkProgressListener/]: Preparing spawn area: 0%
[08Nov2025 21:19:18.782] [Worker-Main-1/INFO] [net.minecraft.server.level.progress.LoggerChunkProgressListener/]: Preparing spawn area: 0%
[08Nov2025 21:19:18.793] [Worker-Main-1/INFO] [net.minecraft.server.level.progress.LoggerChunkProgressListener/]: Preparing spawn area: 0%
[08Nov2025 21:19:18.796] [Worker-Main-1/INFO] [net.minecraft.server.level.progress.LoggerChunkProgressListener/]: Preparing spawn area: 0%
[08Nov2025 21:19:18.820] [Worker-Main-1/INFO] [net.minecraft.server.level.progress.LoggerChunkProgressListener/]: Preparing spawn area: 0%
[08Nov2025 21:19:18.856] [Worker-Main-1/INFO] [net.minecraft.server.level.progress.LoggerChunkProgressListener/]: Preparing spawn area: 0%
[08Nov2025 21:19:18.986] [Worker-Main-1/INFO] [net.minecraft.server.level.progress.LoggerChunkProgressListener/]: Preparing spawn area: 0%
[08Nov2025 21:19:18.990] [Worker-Main-1/INFO] [net.minecraft.server.level.progress.LoggerChunkProgressListener/]: Preparing spawn area: 0%
[08Nov2025 21:19:19.239] [Worker-Main-1/INFO] [net.minecraft.server.level.progress.LoggerChunkProgressListener/]: Preparing spawn area: 0%
[08Nov2025 21:19:19.762] [Worker-Main-1/INFO] [net.minecraft.server.level.progress.LoggerChunkProgressListener/]: Preparing spawn area: 0%
[08Nov2025 21:19:20.278] [Worker-Main-1/INFO] [net.minecraft.server.level.progress.LoggerChunkProgressListener/]: Preparing spawn area: 0%
[08Nov2025 21:19:20.735] [Worker-Main-1/INFO] [net.minecraft.server.level.progress.LoggerChunkProgressListener/]: Preparing spawn area: 0%
[08Nov2025 21:19:21.240] [Worker-Main-1/INFO] [net.minecraft.server.level.progress.LoggerChunkProgressListener/]: Preparing spawn area: 0%
[08Nov2025 21:19:21.725] [Worker-Main-1/INFO] [net.minecraft.server.level.progress.LoggerChunkProgressListener/]: Preparing spawn area: 0%
[08Nov2025 21:19:22.225] [Worker-Main-1/INFO] [net.minecraft.server.level.progress.LoggerChunkProgressListener/]: Preparing spawn area: 0%
[08Nov2025 21:19:22.725] [Worker-Main-1/INFO] [net.minecraft.server.level.progress.LoggerChunkProgressListener/]: Preparing spawn area: 0%
[08Nov2025 21:19:23.287] [Server thread/DEBUG] [mixin/]: Mixing compat1193plus.EntityTrackingSectionMixin from pehkui.mixins.json into net.minecraft.world.level.entity.EntitySection
[08Nov2025 21:19:23.641] [Server thread/INFO] [net.minecraft.server.level.progress.LoggerChunkProgressListener/]: Time elapsed: 9917 ms
[08Nov2025 21:19:23.642] [Server thread/INFO] [net.minecraft.server.dedicated.DedicatedServer/]: Done (16.909s)! For help, type "help"
[08Nov2025 21:19:23.660] [Server thread/DEBUG] [net.minecraftforge.network.DualStackUtils/]: Detected IPv6 address: "0:0:0:0:0:0:0:0"
[08Nov2025 21:19:23.681] [Server thread/DEBUG] [net.minecraftforge.common.ForgeI18n/CORE]: Loading I18N data entries: 941
[08Nov2025 21:19:23.690] [Server thread/INFO] [net.minecraftforge.server.permission.PermissionAPI/]: Successfully initialized permission handler forge:default_handler
[08Nov2025 21:19:23.772] [Server thread/DEBUG] [io.netty.buffer.AbstractByteBuf/]: -Dio.netty.buffer.checkAccessible: true
[08Nov2025 21:19:23.774] [Server thread/DEBUG] [io.netty.buffer.AbstractByteBuf/]: -Dio.netty.buffer.checkBounds: true
[08Nov2025 21:19:23.775] [Server thread/DEBUG] [io.netty.util.ResourceLeakDetectorFactory/]: Loaded default ResourceLeakDetector: io.netty.util.ResourceLeakDetector@62023c00
[08Nov2025 21:19:23.819] [Server thread/DEBUG] [net.minecraftforge.coremod.transformer.CoreModBaseTransformer/COREMOD]: Transforming net/minecraft/world/level/NaturalSpawner
[08Nov2025 21:19:23.938] [Server thread/DEBUG] [mixin/]: Mixing EntityTrackerEntryMixin from pehkui.mixins.json into net.minecraft.server.level.ServerEntity
[08Nov2025 21:19:23.939] [Server thread/DEBUG] [mixin/]: Renaming synthetic method lambda$pehkui$syncEntityData$1(Lnet/minecraft/network/protocol/Packet;)V to mdfca6ce$lambda$pehkui$syncEntityData$1$0 in pehkui.mixins.json:EntityTrackerEntryMixin
[08Nov2025 21:19:23.939] [Server thread/DEBUG] [mixin/]: Renaming synthetic method lambda$pehkui$tick$0(Lnet/minecraft/network/protocol/Packet;)V to mdfca6ce$lambda$pehkui$tick$0$1 in pehkui.mixins.json:EntityTrackerEntryMixin
[08Nov2025 21:19:44.161] [Netty Epoll Server IO #1/DEBUG] [io.netty.util.Recycler/]: -Dio.netty.recycler.maxCapacityPerThread: 4096
[08Nov2025 21:19:44.162] [Netty Epoll Server IO #1/DEBUG] [io.netty.util.Recycler/]: -Dio.netty.recycler.ratio: 8
[08Nov2025 21:19:44.162] [Netty Epoll Server IO #1/DEBUG] [io.netty.util.Recycler/]: -Dio.netty.recycler.chunkSize: 32
[08Nov2025 21:19:44.162] [Netty Epoll Server IO #1/DEBUG] [io.netty.util.Recycler/]: -Dio.netty.recycler.blocking: false
[08Nov2025 21:19:44.214] [Netty Epoll Server IO #1/DEBUG] [net.minecraftforge.network.HandshakeHandler/FMLHANDSHAKE]: Starting new modded impl connection. Found 24 messages to dispatch.
[08Nov2025 21:19:44.240] [Server thread/DEBUG] [net.minecraftforge.network.HandshakeHandler/FMLHANDSHAKE]: Sending ticking packet info 'net.minecraftforge.network.HandshakeMessages$S2CModData' to 'fml:handshake' sequence 0
[08Nov2025 21:19:44.290] [Server thread/DEBUG] [net.minecraftforge.network.HandshakeHandler/FMLHANDSHAKE]: Sending ticking packet info 'net.minecraftforge.network.HandshakeMessages$S2CModList' to 'fml:handshake' sequence 1
[08Nov2025 21:19:44.341] [Server thread/DEBUG] [net.minecraftforge.network.HandshakeHandler/FMLHANDSHAKE]: Sending ticking packet info 'Registry minecraft:command_argument_type' to 'fml:handshake' sequence 2
[08Nov2025 21:19:44.377] [Netty Epoll Server IO #1/DEBUG] [net.minecraftforge.network.LoginWrapper/FMLHANDSHAKE]: Recieved login wrapper packet event for channel fml:handshake with index 1
[08Nov2025 21:19:44.384] [Netty Epoll Server IO #1/DEBUG] [net.minecraftforge.network.HandshakeHandler/FMLHANDSHAKE]: Received client indexed reply 1 of type net.minecraftforge.network.HandshakeMessages$C2SModListReply
[08Nov2025 21:19:44.384] [Netty Epoll Server IO #1/DEBUG] [net.minecraftforge.network.HandshakeHandler/FMLHANDSHAKE]: Received client connection with modlist [minecraft, rhino, geckolib, playeranimator, customskinloader, palladiumcore, pehkui, trender, betterfpsdist, alienevo, palladium, xaerominimap, clumps, xaeroworldmap, modernfix, entityculling, canary, immediatelyfast, architectury, kubejs, ferritecore, embeddium_extra, cupboard, transition, fpsreducer, memoryleakfix, framework, cloth_config, seriousplayeranimations, forge, embeddium, rubidium, oculus]
[08Nov2025 21:19:44.385] [Netty Epoll Server IO #1/DEBUG] [net.minecraftforge.network.NetworkRegistry/NETREGISTRY]: Channel 'fml:loginwrapper' : Version test of 'FML3' from client : ACCEPTED
[08Nov2025 21:19:44.385] [Netty Epoll Server IO #1/DEBUG] [net.minecraftforge.network.NetworkRegistry/NETREGISTRY]: Channel 'forge:tier_sorting' : Version test of '1.0' from client : ACCEPTED
[08Nov2025 21:19:44.385] [Netty Epoll Server IO #1/DEBUG] [net.minecraftforge.network.NetworkRegistry/NETREGISTRY]: Channel 'fml:handshake' : Version test of 'FML3' from client : ACCEPTED
[08Nov2025 21:19:44.385] [Netty Epoll Server IO #1/DEBUG] [net.minecraftforge.network.NetworkRegistry/NETREGISTRY]: Channel 'architectury:network' : Version test of '1' from client : ACCEPTED
[08Nov2025 21:19:44.385] [Netty Epoll Server IO #1/DEBUG] [net.minecraftforge.network.NetworkRegistry/NETREGISTRY]: Channel 'palladium:main_channel' : Version test of '1.0.0' from client : ACCEPTED
[08Nov2025 21:19:44.386] [Netty Epoll Server IO #1/DEBUG] [net.minecraftforge.network.NetworkRegistry/NETREGISTRY]: Channel 'minecraft:unregister' : Version test of 'FML3' from client : ACCEPTED
[08Nov2025 21:19:44.386] [Netty Epoll Server IO #1/DEBUG] [net.minecraftforge.network.NetworkRegistry/NETREGISTRY]: Channel 'fml:play' : Version test of 'FML3' from client : ACCEPTED
[08Nov2025 21:19:44.386] [Netty Epoll Server IO #1/DEBUG] [net.minecraftforge.network.NetworkRegistry/NETREGISTRY]: Channel 'minecraft:register' : Version test of 'FML3' from client : ACCEPTED
[08Nov2025 21:19:44.386] [Netty Epoll Server IO #1/DEBUG] [net.minecraftforge.network.NetworkRegistry/NETREGISTRY]: Channel 'forge:split' : Version test of '1.1' from client : ACCEPTED
[08Nov2025 21:19:44.386] [Netty Epoll Server IO #1/DEBUG] [net.minecraftforge.network.NetworkRegistry/NETREGISTRY]: Channel 'geckolib:main' : Version test of '1' from client : ACCEPTED
[08Nov2025 21:19:44.386] [Netty Epoll Server IO #1/DEBUG] [net.minecraftforge.network.NetworkRegistry/NETREGISTRY]: Channel 'pehkui:main' : Version test of '2' from client : ACCEPTED
[08Nov2025 21:19:44.387] [Netty Epoll Server IO #1/DEBUG] [net.minecraftforge.network.NetworkRegistry/NETREGISTRY]: Accepting channel list from client
[08Nov2025 21:19:44.390] [Server thread/DEBUG] [net.minecraftforge.network.HandshakeHandler/FMLHANDSHAKE]: Sending ticking packet info 'Registry minecraft:recipe_serializer' to 'fml:handshake' sequence 3
[08Nov2025 21:19:44.391] [Netty Epoll Server IO #1/DEBUG] [net.minecraftforge.network.HandshakeHandler/FMLHANDSHAKE]: Accepted client connection mod list
[08Nov2025 21:19:44.440] [Server thread/DEBUG] [net.minecraftforge.network.HandshakeHandler/FMLHANDSHAKE]: Sending ticking packet info 'Registry minecraft:sound_event' to 'fml:handshake' sequence 4
[08Nov2025 21:19:44.450] [Netty Epoll Server IO #1/DEBUG] [net.minecraftforge.network.LoginWrapper/FMLHANDSHAKE]: Recieved login wrapper packet event for channel fml:handshake with index 2
[08Nov2025 21:19:44.450] [Netty Epoll Server IO #1/DEBUG] [net.minecraftforge.network.HandshakeHandler/FMLHANDSHAKE]: Received client indexed reply 2 of type net.minecraftforge.network.HandshakeMessages$C2SAcknowledge
[08Nov2025 21:19:44.450] [Netty Epoll Server IO #1/DEBUG] [net.minecraftforge.network.HandshakeHandler/FMLHANDSHAKE]: Received acknowledgement from client
[08Nov2025 21:19:44.456] [Netty Epoll Server IO #1/DEBUG] [net.minecraftforge.network.LoginWrapper/FMLHANDSHAKE]: Recieved login wrapper packet event for channel fml:handshake with index 3
[08Nov2025 21:19:44.456] [Netty Epoll Server IO #1/DEBUG] [net.minecraftforge.network.HandshakeHandler/FMLHANDSHAKE]: Received client indexed reply 3 of type net.minecraftforge.network.HandshakeMessages$C2SAcknowledge
[08Nov2025 21:19:44.456] [Netty Epoll Server IO #1/DEBUG] [net.minecraftforge.network.HandshakeHandler/FMLHANDSHAKE]: Received acknowledgement from client
[08Nov2025 21:19:44.490] [Server thread/DEBUG] [net.minecraftforge.network.HandshakeHandler/FMLHANDSHAKE]: Sending ticking packet info 'Registry minecraft:particle_type' to 'fml:handshake' sequence 5
[08Nov2025 21:19:44.540] [Server thread/DEBUG] [net.minecraftforge.network.HandshakeHandler/FMLHANDSHAKE]: Sending ticking packet info 'Registry minecraft:villager_profession' to 'fml:handshake' sequence 6
[08Nov2025 21:19:44.590] [Server thread/DEBUG] [net.minecraftforge.network.HandshakeHandler/FMLHANDSHAKE]: Sending ticking packet info 'Registry minecraft:item' to 'fml:handshake' sequence 7
[08Nov2025 21:19:44.640] [Server thread/DEBUG] [net.minecraftforge.network.HandshakeHandler/FMLHANDSHAKE]: Sending ticking packet info 'Registry minecraft:potion' to 'fml:handshake' sequence 8
[08Nov2025 21:19:44.690] [Server thread/DEBUG] [net.minecraftforge.network.HandshakeHandler/FMLHANDSHAKE]: Sending ticking packet info 'Registry minecraft:painting_variant' to 'fml:handshake' sequence 9
[08Nov2025 21:19:44.740] [Server thread/DEBUG] [net.minecraftforge.network.HandshakeHandler/FMLHANDSHAKE]: Sending ticking packet info 'Registry forge:fluid_type' to 'fml:handshake' sequence 10
[08Nov2025 21:19:44.790] [Server thread/DEBUG] [net.minecraftforge.network.HandshakeHandler/FMLHANDSHAKE]: Sending ticking packet info 'Registry minecraft:block_entity_type' to 'fml:handshake' sequence 11
[08Nov2025 21:19:44.791] [Netty Epoll Server IO #1/DEBUG] [net.minecraftforge.network.LoginWrapper/FMLHANDSHAKE]: Recieved login wrapper packet event for channel fml:handshake with index 4
[08Nov2025 21:19:44.791] [Netty Epoll Server IO #1/DEBUG] [net.minecraftforge.network.HandshakeHandler/FMLHANDSHAKE]: Received client indexed reply 4 of type net.minecraftforge.network.HandshakeMessages$C2SAcknowledge
[08Nov2025 21:19:44.791] [Netty Epoll Server IO #1/DEBUG] [net.minecraftforge.network.HandshakeHandler/FMLHANDSHAKE]: Received acknowledgement from client
[08Nov2025 21:19:44.791] [Netty Epoll Server IO #1/DEBUG] [net.minecraftforge.network.LoginWrapper/FMLHANDSHAKE]: Recieved login wrapper packet event for channel fml:handshake with index 5
[08Nov2025 21:19:44.791] [Netty Epoll Server IO #1/DEBUG] [net.minecraftforge.network.HandshakeHandler/FMLHANDSHAKE]: Received client indexed reply 5 of type net.minecraftforge.network.HandshakeMessages$C2SAcknowledge
[08Nov2025 21:19:44.792] [Netty Epoll Server IO #1/DEBUG] [net.minecraftforge.network.HandshakeHandler/FMLHANDSHAKE]: Received acknowledgement from client
[08Nov2025 21:19:44.793] [Netty Epoll Server IO #1/DEBUG] [net.minecraftforge.network.LoginWrapper/FMLHANDSHAKE]: Recieved login wrapper packet event for channel fml:handshake with index 6
[08Nov2025 21:19:44.793] [Netty Epoll Server IO #1/DEBUG] [net.minecraftforge.network.HandshakeHandler/FMLHANDSHAKE]: Received client indexed reply 6 of type net.minecraftforge.network.HandshakeMessages$C2SAcknowledge
[08Nov2025 21:19:44.793] [Netty Epoll Server IO #1/DEBUG] [net.minecraftforge.network.HandshakeHandler/FMLHANDSHAKE]: Received acknowledgement from client
[08Nov2025 21:19:44.840] [Server thread/DEBUG] [net.minecraftforge.network.HandshakeHandler/FMLHANDSHAKE]: Sending ticking packet info 'Registry forge:display_contexts' to 'fml:handshake' sequence 12
[08Nov2025 21:19:44.862] [Netty Epoll Server IO #1/DEBUG] [net.minecraftforge.network.LoginWrapper/FMLHANDSHAKE]: Recieved login wrapper packet event for channel fml:handshake with index 7
[08Nov2025 21:19:44.862] [Netty Epoll Server IO #1/DEBUG] [net.minecraftforge.network.HandshakeHandler/FMLHANDSHAKE]: Received client indexed reply 7 of type net.minecraftforge.network.HandshakeMessages$C2SAcknowledge
[08Nov2025 21:19:44.862] [Netty Epoll Server IO #1/DEBUG] [net.minecraftforge.network.HandshakeHandler/FMLHANDSHAKE]: Received acknowledgement from client
[08Nov2025 21:19:44.863] [Netty Epoll Server IO #1/DEBUG] [net.minecraftforge.network.LoginWrapper/FMLHANDSHAKE]: Recieved login wrapper packet event for channel fml:handshake with index 8
[08Nov2025 21:19:44.863] [Netty Epoll Server IO #1/DEBUG] [net.minecraftforge.network.HandshakeHandler/FMLHANDSHAKE]: Received client indexed reply 8 of type net.minecraftforge.network.HandshakeMessages$C2SAcknowledge
[08Nov2025 21:19:44.863] [Netty Epoll Server IO #1/DEBUG] [net.minecraftforge.network.HandshakeHandler/FMLHANDSHAKE]: Received acknowledgement from client
[08Nov2025 21:19:44.864] [Netty Epoll Server IO #1/DEBUG] [net.minecraftforge.network.LoginWrapper/FMLHANDSHAKE]: Recieved login wrapper packet event for channel fml:handshake with index 9
[08Nov2025 21:19:44.864] [Netty Epoll Server IO #1/DEBUG] [net.minecraftforge.network.HandshakeHandler/FMLHANDSHAKE]: Received client indexed reply 9 of type net.minecraftforge.network.HandshakeMessages$C2SAcknowledge
[08Nov2025 21:19:44.864] [Netty Epoll Server IO #1/DEBUG] [net.minecraftforge.network.HandshakeHandler/FMLHANDSHAKE]: Received acknowledgement from client
[08Nov2025 21:19:44.865] [Netty Epoll Server IO #1/DEBUG] [net.minecraftforge.network.LoginWrapper/FMLHANDSHAKE]: Recieved login wrapper packet event for channel fml:handshake with index 10
[08Nov2025 21:19:44.865] [Netty Epoll Server IO #1/DEBUG] [net.minecraftforge.network.HandshakeHandler/FMLHANDSHAKE]: Received client indexed reply 10 of type net.minecraftforge.network.HandshakeMessages$C2SAcknowledge
[08Nov2025 21:19:44.865] [Netty Epoll Server IO #1/DEBUG] [net.minecraftforge.network.HandshakeHandler/FMLHANDSHAKE]: Received acknowledgement from client
[08Nov2025 21:19:44.874] [Netty Epoll Server IO #1/DEBUG] [net.minecraftforge.network.LoginWrapper/FMLHANDSHAKE]: Recieved login wrapper packet event for channel fml:handshake with index 11
[08Nov2025 21:19:44.874] [Netty Epoll Server IO #1/DEBUG] [net.minecraftforge.network.HandshakeHandler/FMLHANDSHAKE]: Received client indexed reply 11 of type net.minecraftforge.network.HandshakeMessages$C2SAcknowledge
[08Nov2025 21:19:44.874] [Netty Epoll Server IO #1/DEBUG] [net.minecraftforge.network.HandshakeHandler/FMLHANDSHAKE]: Received acknowledgement from client
[08Nov2025 21:19:44.890] [Server thread/DEBUG] [net.minecraftforge.network.HandshakeHandler/FMLHANDSHAKE]: Sending ticking packet info 'Registry minecraft:block' to 'fml:handshake' sequence 13
[08Nov2025 21:19:44.905] [Netty Epoll Server IO #1/DEBUG] [net.minecraftforge.network.LoginWrapper/FMLHANDSHAKE]: Recieved login wrapper packet event for channel fml:handshake with index 12
[08Nov2025 21:19:44.906] [Netty Epoll Server IO #1/DEBUG] [net.minecraftforge.network.HandshakeHandler/FMLHANDSHAKE]: Received client indexed reply 12 of type net.minecraftforge.network.HandshakeMessages$C2SAcknowledge
[08Nov2025 21:19:44.907] [Netty Epoll Server IO #1/DEBUG] [net.minecraftforge.network.HandshakeHandler/FMLHANDSHAKE]: Received acknowledgement from client
[08Nov2025 21:19:44.940] [Server thread/DEBUG] [net.minecraftforge.network.HandshakeHandler/FMLHANDSHAKE]: Sending ticking packet info 'Registry forge:entity_data_serializers' to 'fml:handshake' sequence 14
[08Nov2025 21:19:44.986] [Netty Epoll Server IO #1/DEBUG] [net.minecraftforge.network.LoginWrapper/FMLHANDSHAKE]: Recieved login wrapper packet event for channel fml:handshake with index 13
[08Nov2025 21:19:44.986] [Netty Epoll Server IO #1/DEBUG] [net.minecraftforge.network.HandshakeHandler/FMLHANDSHAKE]: Received client indexed reply 13 of type net.minecraftforge.network.HandshakeMessages$C2SAcknowledge
[08Nov2025 21:19:44.986] [Netty Epoll Server IO #1/DEBUG] [net.minecraftforge.network.HandshakeHandler/FMLHANDSHAKE]: Received acknowledgement from client
[08Nov2025 21:19:44.990] [Server thread/DEBUG] [net.minecraftforge.network.HandshakeHandler/FMLHANDSHAKE]: Sending ticking packet info 'Registry minecraft:mob_effect' to 'fml:handshake' sequence 15
[08Nov2025 21:19:45.005] [Netty Epoll Server IO #1/DEBUG] [net.minecraftforge.network.LoginWrapper/FMLHANDSHAKE]: Recieved login wrapper packet event for channel fml:handshake with index 14
[08Nov2025 21:19:45.006] [Netty Epoll Server IO #1/DEBUG] [net.minecraftforge.network.HandshakeHandler/FMLHANDSHAKE]: Received client indexed reply 14 of type net.minecraftforge.network.HandshakeMessages$C2SAcknowledge
[08Nov2025 21:19:45.006] [Netty Epoll Server IO #1/DEBUG] [net.minecraftforge.network.HandshakeHandler/FMLHANDSHAKE]: Received acknowledgement from client
[08Nov2025 21:19:45.040] [Server thread/DEBUG] [net.minecraftforge.network.HandshakeHandler/FMLHANDSHAKE]: Sending ticking packet info 'Registry minecraft:stat_type' to 'fml:handshake' sequence 16
[08Nov2025 21:19:45.072] [Netty Epoll Server IO #1/DEBUG] [net.minecraftforge.network.LoginWrapper/FMLHANDSHAKE]: Recieved login wrapper packet event for channel fml:handshake with index 15
[08Nov2025 21:19:45.072] [Netty Epoll Server IO #1/DEBUG] [net.minecraftforge.network.HandshakeHandler/FMLHANDSHAKE]: Received client indexed reply 15 of type net.minecraftforge.network.HandshakeMessages$C2SAcknowledge
[08Nov2025 21:19:45.072] [Netty Epoll Server IO #1/DEBUG] [net.minecraftforge.network.HandshakeHandler/FMLHANDSHAKE]: Received acknowledgement from client
[08Nov2025 21:19:45.090] [Server thread/DEBUG] [net.minecraftforge.network.HandshakeHandler/FMLHANDSHAKE]: Sending ticking packet info 'Registry minecraft:menu' to 'fml:handshake' sequence 17
[08Nov2025 21:19:45.104] [Netty Epoll Server IO #1/DEBUG] [net.minecraftforge.network.LoginWrapper/FMLHANDSHAKE]: Recieved login wrapper packet event for channel fml:handshake with index 16
[08Nov2025 21:19:45.104] [Netty Epoll Server IO #1/DEBUG] [net.minecraftforge.network.HandshakeHandler/FMLHANDSHAKE]: Received client indexed reply 16 of type net.minecraftforge.network.HandshakeMessages$C2SAcknowledge
[08Nov2025 21:19:45.104] [Netty Epoll Server IO #1/DEBUG] [net.minecraftforge.network.HandshakeHandler/FMLHANDSHAKE]: Received acknowledgement from client
[08Nov2025 21:19:45.140] [Server thread/DEBUG] [net.minecraftforge.network.HandshakeHandler/FMLHANDSHAKE]: Sending ticking packet info 'Registry minecraft:enchantment' to 'fml:handshake' sequence 18
[08Nov2025 21:19:45.166] [Netty Epoll Server IO #1/DEBUG] [net.minecraftforge.network.LoginWrapper/FMLHANDSHAKE]: Recieved login wrapper packet event for channel fml:handshake with index 17
[08Nov2025 21:19:45.166] [Netty Epoll Server IO #1/DEBUG] [net.minecraftforge.network.HandshakeHandler/FMLHANDSHAKE]: Received client indexed reply 17 of type net.minecraftforge.network.HandshakeMessages$C2SAcknowledge
[08Nov2025 21:19:45.166] [Netty Epoll Server IO #1/DEBUG] [net.minecraftforge.network.HandshakeHandler/FMLHANDSHAKE]: Received acknowledgement from client
[08Nov2025 21:19:45.190] [Server thread/DEBUG] [net.minecraftforge.network.HandshakeHandler/FMLHANDSHAKE]: Sending ticking packet info 'Registry minecraft:fluid' to 'fml:handshake' sequence 19
[08Nov2025 21:19:45.236] [Netty Epoll Server IO #1/DEBUG] [net.minecraftforge.network.LoginWrapper/FMLHANDSHAKE]: Recieved login wrapper packet event for channel fml:handshake with index 18
[08Nov2025 21:19:45.236] [Netty Epoll Server IO #1/DEBUG] [net.minecraftforge.network.HandshakeHandler/FMLHANDSHAKE]: Received client indexed reply 18 of type net.minecraftforge.network.HandshakeMessages$C2SAcknowledge
[08Nov2025 21:19:45.236] [Netty Epoll Server IO #1/DEBUG] [net.minecraftforge.network.HandshakeHandler/FMLHANDSHAKE]: Received acknowledgement from client
[08Nov2025 21:19:45.240] [Server thread/DEBUG] [net.minecraftforge.network.HandshakeHandler/FMLHANDSHAKE]: Sending ticking packet info 'Registry minecraft:entity_type' to 'fml:handshake' sequence 20
[08Nov2025 21:19:45.255] [Netty Epoll Server IO #1/DEBUG] [net.minecraftforge.network.LoginWrapper/FMLHANDSHAKE]: Recieved login wrapper packet event for channel fml:handshake with index 19
[08Nov2025 21:19:45.256] [Netty Epoll Server IO #1/DEBUG] [net.minecraftforge.network.HandshakeHandler/FMLHANDSHAKE]: Received client indexed reply 19 of type net.minecraftforge.network.HandshakeMessages$C2SAcknowledge
[08Nov2025 21:19:45.256] [Netty Epoll Server IO #1/DEBUG] [net.minecraftforge.network.HandshakeHandler/FMLHANDSHAKE]: Received acknowledgement from client
[08Nov2025 21:19:45.290] [Server thread/DEBUG] [net.minecraftforge.network.HandshakeHandler/FMLHANDSHAKE]: Sending ticking packet info 'Config palladium-server.toml' to 'fml:handshake' sequence 21
[08Nov2025 21:19:45.340] [Server thread/DEBUG] [net.minecraftforge.network.HandshakeHandler/FMLHANDSHAKE]: Sending ticking packet info 'Config pehkui-server.toml' to 'fml:handshake' sequence 22
[08Nov2025 21:19:45.374] [Netty Epoll Server IO #1/DEBUG] [net.minecraftforge.network.LoginWrapper/FMLHANDSHAKE]: Recieved login wrapper packet event for channel fml:handshake with index 20
[08Nov2025 21:19:45.375] [Netty Epoll Server IO #1/DEBUG] [net.minecraftforge.network.HandshakeHandler/FMLHANDSHAKE]: Received client indexed reply 20 of type net.minecraftforge.network.HandshakeMessages$C2SAcknowledge
[08Nov2025 21:19:45.375] [Netty Epoll Server IO #1/DEBUG] [net.minecraftforge.network.HandshakeHandler/FMLHANDSHAKE]: Received acknowledgement from client
[08Nov2025 21:19:45.375] [Netty Epoll Server IO #1/DEBUG] [net.minecraftforge.network.LoginWrapper/FMLHANDSHAKE]: Recieved login wrapper packet event for channel fml:handshake with index 21
[08Nov2025 21:19:45.375] [Netty Epoll Server IO #1/DEBUG] [net.minecraftforge.network.HandshakeHandler/FMLHANDSHAKE]: Received client indexed reply 21 of type net.minecraftforge.network.HandshakeMessages$C2SAcknowledge
[08Nov2025 21:19:45.375] [Netty Epoll Server IO #1/DEBUG] [net.minecraftforge.network.HandshakeHandler/FMLHANDSHAKE]: Received acknowledgement from client
[08Nov2025 21:19:45.390] [Server thread/DEBUG] [net.minecraftforge.network.HandshakeHandler/FMLHANDSHAKE]: Sending ticking packet info 'Config forge-server.toml' to 'fml:handshake' sequence 23
[08Nov2025 21:19:45.418] [Netty Epoll Server IO #1/DEBUG] [net.minecraftforge.network.LoginWrapper/FMLHANDSHAKE]: Recieved login wrapper packet event for channel fml:handshake with index 22
[08Nov2025 21:19:45.418] [Netty Epoll Server IO #1/DEBUG] [net.minecraftforge.network.HandshakeHandler/FMLHANDSHAKE]: Received client indexed reply 22 of type net.minecraftforge.network.HandshakeMessages$C2SAcknowledge
[08Nov2025 21:19:45.418] [Netty Epoll Server IO #1/DEBUG] [net.minecraftforge.network.HandshakeHandler/FMLHANDSHAKE]: Received acknowledgement from client
[08Nov2025 21:19:45.477] [Netty Epoll Server IO #1/DEBUG] [net.minecraftforge.network.LoginWrapper/FMLHANDSHAKE]: Recieved login wrapper packet event for channel fml:handshake with index 23
[08Nov2025 21:19:45.477] [Netty Epoll Server IO #1/DEBUG] [net.minecraftforge.network.HandshakeHandler/FMLHANDSHAKE]: Received client indexed reply 23 of type net.minecraftforge.network.HandshakeMessages$C2SAcknowledge
[08Nov2025 21:19:45.477] [Netty Epoll Server IO #1/DEBUG] [net.minecraftforge.network.HandshakeHandler/FMLHANDSHAKE]: Received acknowledgement from client
[08Nov2025 21:19:45.490] [Server thread/DEBUG] [net.minecraftforge.network.HandshakeHandler/FMLHANDSHAKE]: Handshake complete!
[08Nov2025 21:19:45.547] [Server thread/DEBUG] [mixin/]: Mixing compat1204minus.HorseScreenHandlerMixin from pehkui.mixins.json into net.minecraft.world.inventory.HorseInventoryMenu
[08Nov2025 21:19:45.992] [Server thread/INFO] [net.minecraft.server.players.PlayerList/]: Ghost2026yT[/100.67.52.59:49880] logged in with entity id 185 at (-1445.8446062511046, 135.29214413024016, 347.1396236919992)
[08Nov2025 21:19:46.009] [Server thread/DEBUG] [net.minecraftforge.network.filters.NetworkFilters/]: Injected net.minecraftforge.network.filters.ForgeConnectionNetworkFilter@7826db4a into net.minecraft.network.Connection@2a8d9b1e
[08Nov2025 21:19:46.359] [Server thread/INFO] [net.minecraft.server.MinecraftServer/]: Ghost2026yT joined the game
[08Nov2025 21:19:46.618] [Server thread/INFO] [net.minecraft.server.network.ServerGamePacketListenerImpl/]: Ghost2026yT lost connection: Disconnected
[08Nov2025 21:19:46.620] [Server thread/INFO] [net.minecraft.server.MinecraftServer/]: Ghost2026yT left the game
[08Nov2025 21:19:46.709] [Server thread/WARN] [net.minecraft.network.Connection/]: handleDisconnection() called twice
[08Nov2025 21:19:50.396] [Netty Epoll Server IO #3/DEBUG] [net.minecraftforge.network.HandshakeHandler/FMLHANDSHAKE]: Starting new modded impl connection. Found 24 messages to dispatch.
[08Nov2025 21:19:50.440] [Server thread/DEBUG] [net.minecraftforge.network.HandshakeHandler/FMLHANDSHAKE]: Sending ticking packet info 'net.minecraftforge.network.HandshakeMessages$S2CModData' to 'fml:handshake' sequence 0
[08Nov2025 21:19:50.490] [Server thread/DEBUG] [net.minecraftforge.network.HandshakeHandler/FMLHANDSHAKE]: Sending ticking packet info 'net.minecraftforge.network.HandshakeMessages$S2CModList' to 'fml:handshake' sequence 1
[08Nov2025 21:19:50.539] [Server thread/DEBUG] [net.minecraftforge.network.HandshakeHandler/FMLHANDSHAKE]: Sending ticking packet info 'Registry minecraft:command_argument_type' to 'fml:handshake' sequence 2
[08Nov2025 21:19:50.590] [Server thread/DEBUG] [net.minecraftforge.network.HandshakeHandler/FMLHANDSHAKE]: Sending ticking packet info 'Registry minecraft:recipe_serializer' to 'fml:handshake' sequence 3
[08Nov2025 21:19:50.634] [Netty Epoll Server IO #3/DEBUG] [net.minecraftforge.network.LoginWrapper/FMLHANDSHAKE]: Recieved login wrapper packet event for channel fml:handshake with index 1
[08Nov2025 21:19:50.634] [Netty Epoll Server IO #3/DEBUG] [net.minecraftforge.network.HandshakeHandler/FMLHANDSHAKE]: Received client indexed reply 1 of type net.minecraftforge.network.HandshakeMessages$C2SModListReply
[08Nov2025 21:19:50.635] [Netty Epoll Server IO #3/DEBUG] [net.minecraftforge.network.HandshakeHandler/FMLHANDSHAKE]: Received client connection with modlist [minecraft, rhino, geckolib, playeranimator, customskinloader, palladiumcore, pehkui, trender, betterfpsdist, alienevo, palladium, xaerominimap, clumps, xaeroworldmap, modernfix, entityculling, canary, immediatelyfast, architectury, kubejs, ferritecore, embeddium_extra, cupboard, transition, fpsreducer, memoryleakfix, framework, cloth_config, seriousplayeranimations, forge, embeddium, rubidium, oculus]
[08Nov2025 21:19:50.635] [Netty Epoll Server IO #3/DEBUG] [net.minecraftforge.network.NetworkRegistry/NETREGISTRY]: Channel 'fml:loginwrapper' : Version test of 'FML3' from client : ACCEPTED
[08Nov2025 21:19:50.635] [Netty Epoll Server IO #3/DEBUG] [net.minecraftforge.network.NetworkRegistry/NETREGISTRY]: Channel 'forge:tier_sorting' : Version test of '1.0' from client : ACCEPTED
[08Nov2025 21:19:50.635] [Netty Epoll Server IO #3/DEBUG] [net.minecraftforge.network.NetworkRegistry/NETREGISTRY]: Channel 'fml:handshake' : Version test of 'FML3' from client : ACCEPTED
[08Nov2025 21:19:50.635] [Netty Epoll Server IO #3/DEBUG] [net.minecraftforge.network.NetworkRegistry/NETREGISTRY]: Channel 'architectury:network' : Version test of '1' from client : ACCEPTED
[08Nov2025 21:19:50.635] [Netty Epoll Server IO #3/DEBUG] [net.minecraftforge.network.NetworkRegistry/NETREGISTRY]: Channel 'palladium:main_channel' : Version test of '1.0.0' from client : ACCEPTED
[08Nov2025 21:19:50.635] [Netty Epoll Server IO #3/DEBUG] [net.minecraftforge.network.NetworkRegistry/NETREGISTRY]: Channel 'minecraft:unregister' : Version test of 'FML3' from client : ACCEPTED
[08Nov2025 21:19:50.636] [Netty Epoll Server IO #3/DEBUG] [net.minecraftforge.network.NetworkRegistry/NETREGISTRY]: Channel 'fml:play' : Version test of 'FML3' from client : ACCEPTED
[08Nov2025 21:19:50.636] [Netty Epoll Server IO #3/DEBUG] [net.minecraftforge.network.NetworkRegistry/NETREGISTRY]: Channel 'minecraft:register' : Version test of 'FML3' from client : ACCEPTED
[08Nov2025 21:19:50.637] [Netty Epoll Server IO #3/DEBUG] [net.minecraftforge.network.NetworkRegistry/NETREGISTRY]: Channel 'forge:split' : Version test of '1.1' from client : ACCEPTED
[08Nov2025 21:19:50.637] [Netty Epoll Server IO #3/DEBUG] [net.minecraftforge.network.NetworkRegistry/NETREGISTRY]: Channel 'geckolib:main' : Version test of '1' from client : ACCEPTED
[08Nov2025 21:19:50.637] [Netty Epoll Server IO #3/DEBUG] [net.minecraftforge.network.NetworkRegistry/NETREGISTRY]: Channel 'pehkui:main' : Version test of '2' from client : ACCEPTED
[08Nov2025 21:19:50.637] [Netty Epoll Server IO #3/DEBUG] [net.minecraftforge.network.NetworkRegistry/NETREGISTRY]: Accepting channel list from client
[08Nov2025 21:19:50.637] [Netty Epoll Server IO #3/DEBUG] [net.minecraftforge.network.HandshakeHandler/FMLHANDSHAKE]: Accepted client connection mod list
[08Nov2025 21:19:50.640] [Server thread/DEBUG] [net.minecraftforge.network.HandshakeHandler/FMLHANDSHAKE]: Sending ticking packet info 'Registry minecraft:sound_event' to 'fml:handshake' sequence 4
[08Nov2025 21:19:50.666] [Netty Epoll Server IO #3/DEBUG] [net.minecraftforge.network.LoginWrapper/FMLHANDSHAKE]: Recieved login wrapper packet event for channel fml:handshake with index 2
[08Nov2025 21:19:50.666] [Netty Epoll Server IO #3/DEBUG] [net.minecraftforge.network.HandshakeHandler/FMLHANDSHAKE]: Received client indexed reply 2 of type net.minecraftforge.network.HandshakeMessages$C2SAcknowledge
[08Nov2025 21:19:50.666] [Netty Epoll Server IO #3/DEBUG] [net.minecraftforge.network.HandshakeHandler/FMLHANDSHAKE]: Received acknowledgement from client
[08Nov2025 21:19:50.671] [Netty Epoll Server IO #3/DEBUG] [net.minecraftforge.network.LoginWrapper/FMLHANDSHAKE]: Recieved login wrapper packet event for channel fml:handshake with index 3
[08Nov2025 21:19:50.672] [Netty Epoll Server IO #3/DEBUG] [net.minecraftforge.network.HandshakeHandler/FMLHANDSHAKE]: Received client indexed reply 3 of type net.minecraftforge.network.HandshakeMessages$C2SAcknowledge
[08Nov2025 21:19:50.672] [Netty Epoll Server IO #3/DEBUG] [net.minecraftforge.network.HandshakeHandler/FMLHANDSHAKE]: Received acknowledgement from client
[08Nov2025 21:19:50.689] [Server thread/DEBUG] [net.minecraftforge.network.HandshakeHandler/FMLHANDSHAKE]: Sending ticking packet info 'Registry minecraft:particle_type' to 'fml:handshake' sequence 5
[08Nov2025 21:19:50.739] [Server thread/DEBUG] [net.minecraftforge.network.HandshakeHandler/FMLHANDSHAKE]: Sending ticking packet info 'Registry minecraft:villager_profession' to 'fml:handshake' sequence 6
[08Nov2025 21:19:50.790] [Server thread/DEBUG] [net.minecraftforge.network.HandshakeHandler/FMLHANDSHAKE]: Sending ticking packet info 'Registry minecraft:item' to 'fml:handshake' sequence 7
[08Nov2025 21:19:50.840] [Server thread/DEBUG] [net.minecraftforge.network.HandshakeHandler/FMLHANDSHAKE]: Sending ticking packet info 'Registry minecraft:potion' to 'fml:handshake' sequence 8
[08Nov2025 21:19:50.890] [Server thread/DEBUG] [net.minecraftforge.network.HandshakeHandler/FMLHANDSHAKE]: Sending ticking packet info 'Registry minecraft:painting_variant' to 'fml:handshake' sequence 9
[08Nov2025 21:19:50.940] [Server thread/DEBUG] [net.minecraftforge.network.HandshakeHandler/FMLHANDSHAKE]: Sending ticking packet info 'Registry forge:fluid_type' to 'fml:handshake' sequence 10
[08Nov2025 21:19:50.985] [Netty Epoll Server IO #3/DEBUG] [net.minecraftforge.network.LoginWrapper/FMLHANDSHAKE]: Recieved login wrapper packet event for channel fml:handshake with index 4
[08Nov2025 21:19:50.985] [Netty Epoll Server IO #3/DEBUG] [net.minecraftforge.network.HandshakeHandler/FMLHANDSHAKE]: Received client indexed reply 4 of type net.minecraftforge.network.HandshakeMessages$C2SAcknowledge
[08Nov2025 21:19:50.985] [Netty Epoll Server IO #3/DEBUG] [net.minecraftforge.network.HandshakeHandler/FMLHANDSHAKE]: Received acknowledgement from client
[08Nov2025 21:19:50.985] [Netty Epoll Server IO #3/DEBUG] [net.minecraftforge.network.LoginWrapper/FMLHANDSHAKE]: Recieved login wrapper packet event for channel fml:handshake with index 5
[08Nov2025 21:19:50.985] [Netty Epoll Server IO #3/DEBUG] [net.minecraftforge.network.HandshakeHandler/FMLHANDSHAKE]: Received client indexed reply 5 of type net.minecraftforge.network.HandshakeMessages$C2SAcknowledge
[08Nov2025 21:19:50.985] [Netty Epoll Server IO #3/DEBUG] [net.minecraftforge.network.HandshakeHandler/FMLHANDSHAKE]: Received acknowledgement from client
[08Nov2025 21:19:50.985] [Netty Epoll Server IO #3/DEBUG] [net.minecraftforge.network.LoginWrapper/FMLHANDSHAKE]: Recieved login wrapper packet event for channel fml:handshake with index 6
[08Nov2025 21:19:50.985] [Netty Epoll Server IO #3/DEBUG] [net.minecraftforge.network.HandshakeHandler/FMLHANDSHAKE]: Received client indexed reply 6 of type net.minecraftforge.network.HandshakeMessages$C2SAcknowledge
[08Nov2025 21:19:50.985] [Netty Epoll Server IO #3/DEBUG] [net.minecraftforge.network.HandshakeHandler/FMLHANDSHAKE]: Received acknowledgement from client
[08Nov2025 21:19:50.990] [Server thread/DEBUG] [net.minecraftforge.network.HandshakeHandler/FMLHANDSHAKE]: Sending ticking packet info 'Registry minecraft:block_entity_type' to 'fml:handshake' sequence 11
[08Nov2025 21:19:51.040] [Server thread/DEBUG] [net.minecraftforge.network.HandshakeHandler/FMLHANDSHAKE]: Sending ticking packet info 'Registry forge:display_contexts' to 'fml:handshake' sequence 12
[08Nov2025 21:19:51.066] [Netty Epoll Server IO #3/DEBUG] [net.minecraftforge.network.LoginWrapper/FMLHANDSHAKE]: Recieved login wrapper packet event for channel fml:handshake with index 7
[08Nov2025 21:19:51.067] [Netty Epoll Server IO #3/DEBUG] [net.minecraftforge.network.HandshakeHandler/FMLHANDSHAKE]: Received client indexed reply 7 of type net.minecraftforge.network.HandshakeMessages$C2SAcknowledge
[08Nov2025 21:19:51.067] [Netty Epoll Server IO #3/DEBUG] [net.minecraftforge.network.HandshakeHandler/FMLHANDSHAKE]: Received acknowledgement from client
[08Nov2025 21:19:51.067] [Netty Epoll Server IO #3/DEBUG] [net.minecraftforge.network.LoginWrapper/FMLHANDSHAKE]: Recieved login wrapper packet event for channel fml:handshake with index 8
[08Nov2025 21:19:51.067] [Netty Epoll Server IO #3/DEBUG] [net.minecraftforge.network.HandshakeHandler/FMLHANDSHAKE]: Received client indexed reply 8 of type net.minecraftforge.network.HandshakeMessages$C2SAcknowledge
[08Nov2025 21:19:51.067] [Netty Epoll Server IO #3/DEBUG] [net.minecraftforge.network.HandshakeHandler/FMLHANDSHAKE]: Received acknowledgement from client
[08Nov2025 21:19:51.068] [Netty Epoll Server IO #3/DEBUG] [net.minecraftforge.network.LoginWrapper/FMLHANDSHAKE]: Recieved login wrapper packet event for channel fml:handshake with index 9
[08Nov2025 21:19:51.068] [Netty Epoll Server IO #3/DEBUG] [net.minecraftforge.network.HandshakeHandler/FMLHANDSHAKE]: Received client indexed reply 9 of type net.minecraftforge.network.HandshakeMessages$C2SAcknowledge
[08Nov2025 21:19:51.068] [Netty Epoll Server IO #3/DEBUG] [net.minecraftforge.network.HandshakeHandler/FMLHANDSHAKE]: Received acknowledgement from client
[08Nov2025 21:19:51.068] [Netty Epoll Server IO #3/DEBUG] [net.minecraftforge.network.LoginWrapper/FMLHANDSHAKE]: Recieved login wrapper packet event for channel fml:handshake with index 10
[08Nov2025 21:19:51.068] [Netty Epoll Server IO #3/DEBUG] [net.minecraftforge.network.HandshakeHandler/FMLHANDSHAKE]: Received client indexed reply 10 of type net.minecraftforge.network.HandshakeMessages$C2SAcknowledge
[08Nov2025 21:19:51.068] [Netty Epoll Server IO #3/DEBUG] [net.minecraftforge.network.HandshakeHandler/FMLHANDSHAKE]: Received acknowledgement from client
[08Nov2025 21:19:51.069] [Netty Epoll Server IO #3/DEBUG] [net.minecraftforge.network.LoginWrapper/FMLHANDSHAKE]: Recieved login wrapper packet event for channel fml:handshake with index 11
[08Nov2025 21:19:51.069] [Netty Epoll Server IO #3/DEBUG] [net.minecraftforge.network.HandshakeHandler/FMLHANDSHAKE]: Received client indexed reply 11 of type net.minecraftforge.network.HandshakeMessages$C2SAcknowledge
[08Nov2025 21:19:51.069] [Netty Epoll Server IO #3/DEBUG] [net.minecraftforge.network.HandshakeHandler/FMLHANDSHAKE]: Received acknowledgement from client
[08Nov2025 21:19:51.090] [Server thread/DEBUG] [net.minecraftforge.network.HandshakeHandler/FMLHANDSHAKE]: Sending ticking packet info 'Registry minecraft:block' to 'fml:handshake' sequence 13
[08Nov2025 21:19:51.122] [Netty Epoll Server IO #3/DEBUG] [net.minecraftforge.network.LoginWrapper/FMLHANDSHAKE]: Recieved login wrapper packet event for channel fml:handshake with index 12
[08Nov2025 21:19:51.122] [Netty Epoll Server IO #3/DEBUG] [net.minecraftforge.network.HandshakeHandler/FMLHANDSHAKE]: Received client indexed reply 12 of type net.minecraftforge.network.HandshakeMessages$C2SAcknowledge
[08Nov2025 21:19:51.122] [Netty Epoll Server IO #3/DEBUG] [net.minecraftforge.network.HandshakeHandler/FMLHANDSHAKE]: Received acknowledgement from client
[08Nov2025 21:19:51.140] [Server thread/DEBUG] [net.minecraftforge.network.HandshakeHandler/FMLHANDSHAKE]: Sending ticking packet info 'Registry forge:entity_data_serializers' to 'fml:handshake' sequence 14
[08Nov2025 21:19:51.167] [Netty Epoll Server IO #3/DEBUG] [net.minecraftforge.network.LoginWrapper/FMLHANDSHAKE]: Recieved login wrapper packet event for channel fml:handshake with index 13
[08Nov2025 21:19:51.167] [Netty Epoll Server IO #3/DEBUG] [net.minecraftforge.network.HandshakeHandler/FMLHANDSHAKE]: Received client indexed reply 13 of type net.minecraftforge.network.HandshakeMessages$C2SAcknowledge
[08Nov2025 21:19:51.167] [Netty Epoll Server IO #3/DEBUG] [net.minecraftforge.network.HandshakeHandler/FMLHANDSHAKE]: Received acknowledgement from client
[08Nov2025 21:19:51.189] [Server thread/DEBUG] [net.minecraftforge.network.HandshakeHandler/FMLHANDSHAKE]: Sending ticking packet info 'Registry minecraft:mob_effect' to 'fml:handshake' sequence 15
[08Nov2025 21:19:51.240] [Server thread/DEBUG] [net.minecraftforge.network.HandshakeHandler/FMLHANDSHAKE]: Sending ticking packet info 'Registry minecraft:stat_type' to 'fml:handshake' sequence 16
[08Nov2025 21:19:51.243] [Netty Epoll Server IO #3/DEBUG] [net.minecraftforge.network.LoginWrapper/FMLHANDSHAKE]: Recieved login wrapper packet event for channel fml:handshake with index 14
[08Nov2025 21:19:51.243] [Netty Epoll Server IO #3/DEBUG] [net.minecraftforge.network.HandshakeHandler/FMLHANDSHAKE]: Received client indexed reply 14 of type net.minecraftforge.network.HandshakeMessages$C2SAcknowledge
[08Nov2025 21:19:51.243] [Netty Epoll Server IO #3/DEBUG] [net.minecraftforge.network.HandshakeHandler/FMLHANDSHAKE]: Received acknowledgement from client
[08Nov2025 21:19:51.267] [Netty Epoll Server IO #3/DEBUG] [net.minecraftforge.network.LoginWrapper/FMLHANDSHAKE]: Recieved login wrapper packet event for channel fml:handshake with index 15
[08Nov2025 21:19:51.267] [Netty Epoll Server IO #3/DEBUG] [net.minecraftforge.network.HandshakeHandler/FMLHANDSHAKE]: Received client indexed reply 15 of type net.minecraftforge.network.HandshakeMessages$C2SAcknowledge
[08Nov2025 21:19:51.267] [Netty Epoll Server IO #3/DEBUG] [net.minecraftforge.network.HandshakeHandler/FMLHANDSHAKE]: Received acknowledgement from client
[08Nov2025 21:19:51.290] [Server thread/DEBUG] [net.minecraftforge.network.HandshakeHandler/FMLHANDSHAKE]: Sending ticking packet info 'Registry minecraft:menu' to 'fml:handshake' sequence 17
[08Nov2025 21:19:51.306] [Netty Epoll Server IO #3/DEBUG] [net.minecraftforge.network.LoginWrapper/FMLHANDSHAKE]: Recieved login wrapper packet event for channel fml:handshake with index 16
[08Nov2025 21:19:51.308] [Netty Epoll Server IO #3/DEBUG] [net.minecraftforge.network.HandshakeHandler/FMLHANDSHAKE]: Received client indexed reply 16 of type net.minecraftforge.network.HandshakeMessages$C2SAcknowledge
[08Nov2025 21:19:51.308] [Netty Epoll Server IO #3/DEBUG] [net.minecraftforge.network.HandshakeHandler/FMLHANDSHAKE]: Received acknowledgement from client
[08Nov2025 21:19:51.340] [Server thread/DEBUG] [net.minecraftforge.network.HandshakeHandler/FMLHANDSHAKE]: Sending ticking packet info 'Registry minecraft:enchantment' to 'fml:handshake' sequence 18
[08Nov2025 21:19:51.356] [Netty Epoll Server IO #3/DEBUG] [net.minecraftforge.network.LoginWrapper/FMLHANDSHAKE]: Recieved login wrapper packet event for channel fml:handshake with index 17
[08Nov2025 21:19:51.356] [Netty Epoll Server IO #3/DEBUG] [net.minecraftforge.network.HandshakeHandler/FMLHANDSHAKE]: Received client indexed reply 17 of type net.minecraftforge.network.HandshakeMessages$C2SAcknowledge
[08Nov2025 21:19:51.356] [Netty Epoll Server IO #3/DEBUG] [net.minecraftforge.network.HandshakeHandler/FMLHANDSHAKE]: Received acknowledgement from client
[08Nov2025 21:19:51.390] [Server thread/DEBUG] [net.minecraftforge.network.HandshakeHandler/FMLHANDSHAKE]: Sending ticking packet info 'Registry minecraft:fluid' to 'fml:handshake' sequence 19
[08Nov2025 21:19:51.416] [Netty Epoll Server IO #3/DEBUG] [net.minecraftforge.network.LoginWrapper/FMLHANDSHAKE]: Recieved login wrapper packet event for channel fml:handshake with index 18
[08Nov2025 21:19:51.416] [Netty Epoll Server IO #3/DEBUG] [net.minecraftforge.network.HandshakeHandler/FMLHANDSHAKE]: Received client indexed reply 18 of type net.minecraftforge.network.HandshakeMessages$C2SAcknowledge
[08Nov2025 21:19:51.416] [Netty Epoll Server IO #3/DEBUG] [net.minecraftforge.network.HandshakeHandler/FMLHANDSHAKE]: Received acknowledgement from client
[08Nov2025 21:19:51.440] [Server thread/DEBUG] [net.minecraftforge.network.HandshakeHandler/FMLHANDSHAKE]: Sending ticking packet info 'Registry minecraft:entity_type' to 'fml:handshake' sequence 20
[08Nov2025 21:19:51.470] [Netty Epoll Server IO #3/DEBUG] [net.minecraftforge.network.LoginWrapper/FMLHANDSHAKE]: Recieved login wrapper packet event for channel fml:handshake with index 19
[08Nov2025 21:19:51.470] [Netty Epoll Server IO #3/DEBUG] [net.minecraftforge.network.HandshakeHandler/FMLHANDSHAKE]: Received client indexed reply 19 of type net.minecraftforge.network.HandshakeMessages$C2SAcknowledge
[08Nov2025 21:19:51.471] [Netty Epoll Server IO #3/DEBUG] [net.minecraftforge.network.HandshakeHandler/FMLHANDSHAKE]: Received acknowledgement from client
[08Nov2025 21:19:51.490] [Server thread/DEBUG] [net.minecraftforge.network.HandshakeHandler/FMLHANDSHAKE]: Sending ticking packet info 'Config palladium-server.toml' to 'fml:handshake' sequence 21
[08Nov2025 21:19:51.540] [Server thread/DEBUG] [net.minecraftforge.network.HandshakeHandler/FMLHANDSHAKE]: Sending ticking packet info 'Config pehkui-server.toml' to 'fml:handshake' sequence 22
[08Nov2025 21:19:51.589] [Server thread/DEBUG] [net.minecraftforge.network.HandshakeHandler/FMLHANDSHAKE]: Sending ticking packet info 'Config forge-server.toml' to 'fml:handshake' sequence 23
[08Nov2025 21:19:51.638] [Netty Epoll Server IO #3/DEBUG] [net.minecraftforge.network.LoginWrapper/FMLHANDSHAKE]: Recieved login wrapper packet event for channel fml:handshake with index 20
[08Nov2025 21:19:51.638] [Netty Epoll Server IO #3/DEBUG] [net.minecraftforge.network.HandshakeHandler/FMLHANDSHAKE]: Received client indexed reply 20 of type net.minecraftforge.network.HandshakeMessages$C2SAcknowledge
[08Nov2025 21:19:51.638] [Netty Epoll Server IO #3/DEBUG] [net.minecraftforge.network.HandshakeHandler/FMLHANDSHAKE]: Received acknowledgement from client
[08Nov2025 21:19:51.665] [Netty Epoll Server IO #3/DEBUG] [net.minecraftforge.network.LoginWrapper/FMLHANDSHAKE]: Recieved login wrapper packet event for channel fml:handshake with index 21
[08Nov2025 21:19:51.666] [Netty Epoll Server IO #3/DEBUG] [net.minecraftforge.network.HandshakeHandler/FMLHANDSHAKE]: Received client indexed reply 21 of type net.minecraftforge.network.HandshakeMessages$C2SAcknowledge
[08Nov2025 21:19:51.666] [Netty Epoll Server IO #3/DEBUG] [net.minecraftforge.network.HandshakeHandler/FMLHANDSHAKE]: Received acknowledgement from client
[08Nov2025 21:19:51.666] [Netty Epoll Server IO #3/DEBUG] [net.minecraftforge.network.LoginWrapper/FMLHANDSHAKE]: Recieved login wrapper packet event for channel fml:handshake with index 22
[08Nov2025 21:19:51.666] [Netty Epoll Server IO #3/DEBUG] [net.minecraftforge.network.HandshakeHandler/FMLHANDSHAKE]: Received client indexed reply 22 of type net.minecraftforge.network.HandshakeMessages$C2SAcknowledge
[08Nov2025 21:19:51.666] [Netty Epoll Server IO #3/DEBUG] [net.minecraftforge.network.HandshakeHandler/FMLHANDSHAKE]: Received acknowledgement from client
[08Nov2025 21:19:51.707] [Netty Epoll Server IO #3/DEBUG] [net.minecraftforge.network.LoginWrapper/FMLHANDSHAKE]: Recieved login wrapper packet event for channel fml:handshake with index 23
[08Nov2025 21:19:51.708] [Netty Epoll Server IO #3/DEBUG] [net.minecraftforge.network.HandshakeHandler/FMLHANDSHAKE]: Received client indexed reply 23 of type net.minecraftforge.network.HandshakeMessages$C2SAcknowledge
[08Nov2025 21:19:51.708] [Netty Epoll Server IO #3/DEBUG] [net.minecraftforge.network.HandshakeHandler/FMLHANDSHAKE]: Received acknowledgement from client
[08Nov2025 21:19:51.740] [Server thread/DEBUG] [net.minecraftforge.network.HandshakeHandler/FMLHANDSHAKE]: Handshake complete!
[08Nov2025 21:19:51.947] [Server thread/INFO] [net.minecraft.server.players.PlayerList/]: Ghost2026yT[/100.67.52.59:38828] logged in with entity id 186 at (-1445.8446062511046, 135.29214413024016, 347.1396236919992)
[08Nov2025 21:19:51.951] [Server thread/DEBUG] [net.minecraftforge.network.filters.NetworkFilters/]: Injected net.minecraftforge.network.filters.ForgeConnectionNetworkFilter@4bf0e9c1 into net.minecraft.network.Connection@1f1e2247
[08Nov2025 21:19:52.154] [Server thread/INFO] [net.minecraft.server.MinecraftServer/]: Ghost2026yT joined the game
[08Nov2025 21:19:55.313] [Server thread/WARN] [net.minecraft.server.MinecraftServer/]: Can't keep up! Is the server overloaded? Running 3424ms or 68 ticks behind
[08Nov2025 21:19:55.699] [Server thread/DEBUG] [mixin/]: Mixing compat117plus.ProjectileUtilMixin from pehkui.mixins.json into net.minecraft.world.entity.projectile.ProjectileUtil
[08Nov2025 21:19:55.701] [Server thread/DEBUG] [mixin/]: Mixing compat1202minus.compat120plus.ProjectileUtilMixin from pehkui.mixins.json into net.minecraft.world.entity.projectile.ProjectileUtil
[08Nov2025 21:19:56.079] [Server thread/DEBUG] [io.netty.util.internal.ThreadLocalRandom/]: -Dio.netty.initialSeedUniquifier: 0x024cf41c1a507708
[08Nov2025 21:19:58.091] [Server thread/DEBUG] [mixin/]: Mixing compat119plus.LookTargetUtilMixin from pehkui.mixins.json into net.minecraft.world.entity.ai.behavior.BehaviorUtils
[08Nov2025 21:20:09.418] [Server thread/WARN] [net.minecraft.server.network.ServerGamePacketListenerImpl/]: Ghost2026yT moved too quickly! -13.272613625279064,-2.252179675548234,-12.067468363048562
[08Nov2025 21:20:14.559] [Server thread/WARN] [net.minecraft.server.network.ServerGamePacketListenerImpl/]: Ghost2026yT moved too quickly! -12.518901272997937,-5.392798743718956,-11.38369150821623
[08Nov2025 21:20:15.063] [Server thread/WARN] [net.minecraft.server.MinecraftServer/]: Can't keep up! Is the server overloaded? Running 4774ms or 95 ticks behind
[08Nov2025 21:20:28.649] [Server thread/DEBUG] [mixin/]: Mixing VibrationListenerMixin from palladium-common.mixins.json into net.minecraft.world.level.gameevent.vibrations.VibrationSystem$Listener
[08Nov2025 21:21:10.938] [Server thread/INFO] [net.minecraft.server.MinecraftServer/]: Stopping server
[08Nov2025 21:21:11.162] [Server thread/INFO] [net.minecraft.server.MinecraftServer/]: Saving players
[08Nov2025 21:21:11.564] [Server thread/INFO] [net.minecraft.server.network.ServerGamePacketListenerImpl/]: Ghost2026yT lost connection: Server closed
[08Nov2025 21:21:11.567] [Server thread/INFO] [net.minecraft.server.MinecraftServer/]: Ghost2026yT left the game
[08Nov2025 21:21:11.617] [Server thread/INFO] [net.minecraft.server.MinecraftServer/]: Saving worlds
[08Nov2025 21:21:15.170] [Server thread/INFO] [net.minecraft.server.MinecraftServer/]: Saving chunks for level 'ServerLevel[world]'/minecraft:overworld
[08Nov2025 21:21:19.975] [Server thread/INFO] [net.minecraft.server.MinecraftServer/]: Saving chunks for level 'ServerLevel[world]'/minecraft:the_nether
[08Nov2025 21:21:19.976] [Server thread/INFO] [net.minecraft.server.MinecraftServer/]: Saving chunks for level 'ServerLevel[world]'/minecraft:the_end
[08Nov2025 21:21:19.979] [Server thread/DEBUG] [net.minecraftforge.common.ForgeHooks/WP]: Gathering id map for writing to world save world
[08Nov2025 21:21:19.991] [Server thread/DEBUG] [net.minecraftforge.common.ForgeHooks/WP]: ID Map collection complete world
[08Nov2025 21:21:20.015] [Server thread/INFO] [net.minecraft.server.MinecraftServer/]: ThreadedAnvilChunkStorage (world): All chunks are saved
[08Nov2025 21:21:20.016] [Server thread/INFO] [net.minecraft.server.MinecraftServer/]: ThreadedAnvilChunkStorage (DIM-1): All chunks are saved
[08Nov2025 21:21:20.017] [Server thread/INFO] [net.minecraft.server.MinecraftServer/]: ThreadedAnvilChunkStorage (DIM1): All chunks are saved
[08Nov2025 21:21:20.017] [Server thread/INFO] [net.minecraft.server.MinecraftServer/]: ThreadedAnvilChunkStorage: All dimensions are saved
[08Nov2025 21:21:20.119] [Server thread/DEBUG] [net.minecraftforge.fml.config.ConfigTracker/CONFIG]: Unloading configs type SERVER
